id,conversation_id,created_at,date,time,timezone,user_id,username,name,place,tweet,language,mentions,urls,photos,replies_count,retweets_count,likes_count,hashtags,cashtags,link,retweet,quote_url,video,thumbnail,near,geo,source,user_rt_id,user_rt,retweet_id,reply_to,retweet_date,translate,trans_src,trans_dest
1511031095768272903,1511031095768272903,2022-04-04 20:21:01 EEST,2022-04-04,20:21:01,+0300,955472385221779457,drsalsadoun,ุฏ.ุตุงูุญ ุงูุณุนุฏูู ุขู ุฑุงุดุฏ,,ุชูุงุฒู ุงูุญุณูู ุจู ุนุจุฏุงููู ุงูุซุงูู ุนู ุงูุนุฑุด ุนุงู ูขููขู. ุจุนุฏ ููุงุฉ ูุงูุฏู ุจููููุฏ.  ุญุงูู ุงูุฃููุฑ ุญูุฒุฉ ุจุนุฏ ุนููู ุจููุช ุงูููู ูุชูุงุฒู ููู ุงูุนูุฏ ุงูุชุณูู ุจุงูููุงุจ. ุชููู..  ุชูุงุฒูุช ุงูู ุนู ููุจู ุงูุฃููุฑู.  ุงูุจูุฏ ููุธุฑ ููุท ุจูุงู ุฑูู...,ar,[],[],[],21,22,127,[],[],https://twitter.com/drSAlsadoun/status/1511031095768272903,False,,0,,,,,,,,[],,,,
1511025652148977675,1511025652148977675,2022-04-04 19:59:23 EEST,2022-04-04,19:59:23,+0300,1244504089838436352,arabianknight33,๐ฏ๐ด๐๐ฏ๐ด ุงูุฑุฌูุจ,,ุงูููุงุก ูููุทู ูุง ูููู ุจุงุณุชุบูุงู ุงูููุจ ูุจุซ ุงููุชูุฉุ ูุงููุง ูููู ุจุญูุงูุฉ ุงูุนุฑุด ูู ุงููุณุงุณ ูุจุงุญุชุฑุงู ุฌูุดูุง ูุงูุชุฎุงุทุจ ุจุงุญุชุฑุงู ูุน ูุงุฆุฏูุ ุฃูุง ุงูููุงุก ูู ุนุงุฏุงุชูุง ุงูุนุฑุจูุฉ ุฏุงุฎู ุงูุฃุณุฑุฉ ูููู ุจุงุญุชุฑุงู ุงูุงุฎ ุงูุฃูุจุฑ ูุนุฏู ุงูุงุณุชููุงุก ุจุงูุฎุงุฑุฌ ุนููู ูููุง ูุงูุช ุฃุณุจุงุจ ุงูุฎูุงู.  #ุงููู_ุงููุทู_ุงูููู #ุงูุงููุฑ_ุญูุฒู  https://t.co/r7aLokkEm0,ar,[],[],['https://pbs.twimg.com/media/FPg90eCX0AM96wK.jpg'],17,7,57,"['ุงููู_ุงููุทู_ุงูููู', 'ุงูุงููุฑ_ุญูุฒู']",[],https://twitter.com/arabianknight33/status/1511025652148977675,False,,1,https://pbs.twimg.com/media/FPg90eCX0AM96wK.jpg,,,,,,,[],,,,
1511017444726485001,1511017444726485001,2022-04-04 19:26:46 EEST,2022-04-04,19:26:46,+0300,1249761786481573888,ahmadmilhem89,Ahmad Milhem,,ูููุฉ ุงูุชุนูููุงุช ู ุงู retweet ุชูุงุฑู ุจ ูููู ุ ุชุฑูุนู ุนู ููุจ ุงููุฑ ูุณุชุญู ูุงูู ููู ุบูุฑ ูุชูุฌ.  #ุงูุงููุฑ_ุญูุฒู  https://t.co/GOTVgYZBOT,ar,[],[],['https://pbs.twimg.com/media/FPg2Wg8XMAMkdU8.jpg'],5,6,65,['ุงูุงููุฑ_ุญูุฒู'],[],https://twitter.com/ahmadmilhem89/status/1511017444726485001,False,,1,https://pbs.twimg.com/media/FPg2Wg8XMAMkdU8.jpg,,,,,,,[],,,,
1510941932704440321,1510941932704440321,2022-04-04 14:26:43 EEST,2022-04-04,14:26:43,+0300,1132819850764673024,moh1majali,ูุญูุฏ ุงููุฌุงูู,,"ูู ุฃุญุฏ ุฅูุฌุงุฒุงุช ุงูุฃููุฑ ุญูุฒู ููู ุจุณุฃููู ุดู ุนูู  "" ุฎุตูุตุง ุงูู ุจุจุนุซ ุนูู ุงูุฎุงุต ""  ูู ุจุณุงุทุชู ูุนูููุชู ููุทููุชู ุฎูู ูู ุทุจูุงุช ุงูุดุนุจ ุงูุงุฑุฏูู ุชุญุจู โฆ  ุจุฏูู ุฅุนูุงู ููููุชุงุฌ ูุญุฑูุงุช ููุตุต ููุดูููโฆ  ููุงุถ ุงูุงูุฌุงุฒ ูุญุงูู ููุฑ ูุฌูุท ูุซูุฑ ูุงุณ ูู ุถูููู ุงูุช ููู ุจุชุณุฃู ..  ุฑูุถุงู ูุฑูู   #ุงูุงููุฑ_ุญูุฒู  https://t.co/I34HiAdLI6",ar,[],[],['https://pbs.twimg.com/media/FPfxrRqXMAUIo6S.jpg'],8,8,104,['ุงูุงููุฑ_ุญูุฒู'],[],https://twitter.com/moh1majali/status/1510941932704440321,False,,1,https://pbs.twimg.com/media/FPfxrRqXMAUIo6S.jpg,,,,,,,[],,,,
1510889688529358856,1510889688529358856,2022-04-04 10:59:07 EEST,2022-04-04,10:59:07,+0300,1254401304,hildaajelat1,Hilda Shafiq Ajeilat,,ูุง ุณูุนูุง ููุง ุดููุง ุฑุฏุฉ ูุนู ุงูุฅุนูุงู ุงููุญูู ุนูู ุฑุณุงูุฉ ุณูู #ุงูุงููุฑ_ุญูุฒู ููุฐู ุงููุญุธุฉุ!!     #ุณุคุงู #ุงูุงููุฑ_ุญูุฒุฉ #ุงูุฃุฑุฏู,ar,[],[],[],70,9,272,"['ุงูุงููุฑ_ุญูุฒู', 'ุณุคุงู', 'ุงูุงููุฑ_ุญูุฒุฉ', 'ุงูุฃุฑุฏู']",[],https://twitter.com/HILDAAJELAT1/status/1510889688529358856,False,,0,,,,,,,,[],,,,
1510888642461552641,1510888642461552641,2022-04-04 10:54:57 EEST,2022-04-04,10:54:57,+0300,2923535000,ajplusarabi,AJ+ ุนุฑุจู,,ููู ุงูุนูุฏ ุงูุฃุฑุฏูู ุงูุณุงุจู ุงูุฃููุฑ ุญูุฒุฉ ุจู ุงูุญุณูู ูู ุชุบุฑูุฏุฉ ูู ุนุจุฑ ุญุณุงุจู ุนูู ุชููุชุฑ ูุนูู ุชุฎููู ุนู ููุจ ุงูุฃููุฑ ูุงู ูููุง ุฅูู ูุฏ ุชุฎูู ุนู ููุจู ูุจุฃู ูุฑุงุฑู ูุงู ุจุณุจุจ ุนุฏู ุชูุงูู ููุงุนุงุชู ุงูุดุฎุตูุฉ ูุน ููุฌ ูุชูุฌูุงุช ูุคุณุณุงุช ุงูุฏููุฉ ุงูุญุฏูุซุฉ.  https://t.co/nUfU3yITbC,ar,[],[],['https://pbs.twimg.com/media/FPfBFO7WYAMpHil.jpg'],3,6,117,[],[],https://twitter.com/ajplusarabi/status/1510888642461552641,False,,1,https://pbs.twimg.com/media/FPfBFO7WYAMpHil.jpg,,,,,,,[],,,,
1510849152946737158,1510849152946737158,2022-04-04 08:18:02 EEST,2022-04-04,08:18:02,+0300,1388625959193088001,shadw91447250,ุฃุฑุฏููุฉ,,ุฑูุฒูุง ุจุตูุงุบุฉ ุงูุฑุณุงูุชูู ุงูุงููู ุฑุณุงูุฉ ุงูููู ุญุณูู ููุฑุฉ ุนููู ุญูุฒุฉ ูุงูุชุงููุฉ ุฑุณุงูุฉ ุงูุงููุฑ ุญูุฒุฉ ุงูุจุงุฑุญ ููุณ ุงูููุงู ูุงูุตูุบุฉ ุจุงูุถุจุท ุญูู ุงููู ุงูุงุฑุฏูู ุงูุญุฑ ุงุจู ุงุจูู #ุงูุงููุฑ_ุญูุฒู  #ุงููุฑ_ุงููููุจ  https://t.co/7Z3N0VdlxJ,ar,[],[],['https://pbs.twimg.com/media/FPedTAxWUAMgRwQ.jpg'],0,10,86,"['ุงูุงููุฑ_ุญูุฒู', 'ุงููุฑ_ุงููููุจ']",[],https://twitter.com/Shadw91447250/status/1510849152946737158,False,,1,https://pbs.twimg.com/media/FPedTAxWUAMgRwQ.jpg,,,,,,,[],,,,
1510839680631287813,1510839680631287813,2022-04-04 07:40:24 EEST,2022-04-04,07:40:24,+0300,1388625959193088001,shadw91447250,ุฃุฑุฏููุฉ,,"ุงูุณูุฏ ูุงูู ุฏุญูุงู ุงููุญุงูู ุงูุฎุงุต ุจุงูุงููุฑ ุญูุฒุฉ ููุดุฑ ูุงู ุงูุตูุฑุฉ ูุนูุจุงู "" ุณูุงุฏุฉ ุงูุดุฑูู ุญูุฒุฉ ุจู ุงูุญุณูู ูููููุฏู ูุญูุฏ ุจู ุญูุฒุฉ "" #ุงูุงููุฑ_ุญูุฒู  #ุงููุฑ_ุงููููุจ  #ุญูุฒุฉ_ุจู_ุงูุญุณูู  https://t.co/6QjUygdWyQ",ar,[],[],['https://pbs.twimg.com/media/FPeUrqSX0AUpltJ.jpg'],20,34,321,"['ุงูุงููุฑ_ุญูุฒู', 'ุงููุฑ_ุงููููุจ', 'ุญูุฒุฉ_ุจู_ุงูุญุณูู']",[],https://twitter.com/Shadw91447250/status/1510839680631287813,False,,1,https://pbs.twimg.com/media/FPeUrqSX0AUpltJ.jpg,,,,,,,[],,,,
1510823086668627972,1510823086668627972,2022-04-04 06:34:28 EEST,2022-04-04,06:34:28,+0300,1388625959193088001,shadw91447250,ุฃุฑุฏููุฉ,,ุงูุงุฑุฏูู ุงูุญุฑ ุญูุฒุฉ ุจู ุงูุญุณูู ูุงุจูู ุงูููููุฏ ุญุฏูุซุงู ูุญูุฏ #ุงูุงููุฑ_ุญูุฒู  #ุงููุฑ_ุงููููุจ  https://t.co/TKkfUtcxpq,ar,[],[],['https://pbs.twimg.com/media/FPeFls6WYAMBwMz.jpg'],3,12,158,"['ุงูุงููุฑ_ุญูุฒู', 'ุงููุฑ_ุงููููุจ']",[],https://twitter.com/Shadw91447250/status/1510823086668627972,False,,1,https://pbs.twimg.com/media/FPeFls6WYAMBwMz.jpg,,,,,,,[],,,,
1510761599052693505,1510761599052693505,2022-04-04 02:30:08 EEST,2022-04-04,02:30:08,+0300,497788324,aa_arabic,ANADOLU AGENCY (AR),,"ุชุตูุฏุฑ ูุณู ""#ุงูุงููุฑ_ุญูุฒู"" ูุงุฆูุฉ ุงูุฃูุซุฑ ุชุฏุงููุง ุนูู ""ุชููุชุฑ"" ูู #ุงูุฃุฑุฏู ุจุนุฏ ุณุงุนุงุช ูู ุชุฎููู ุนู ููุจู (ุงูุฃููุฑ)    https://t.co/LgE6vELSiJ  https://t.co/ihRWqa8ouq",ar,[],['http://v.aa.com.tr/2554193'],['https://pbs.twimg.com/media/FPdNqxFXwAU9Pqq.jpg'],2,6,70,"['ุงูุงููุฑ_ุญูุฒู', 'ุงูุฃุฑุฏู']",[],https://twitter.com/aa_arabic/status/1510761599052693505,False,,1,https://pbs.twimg.com/media/FPdNqxFXwAU9Pqq.jpg,,,,,,,[],,,,
1510760810192252936,1510760810192252936,2022-04-04 02:27:00 EEST,2022-04-04,02:27:00,+0300,1482481391703142405,leenhadaden,ููู ุงูุญุฏุงุฏูู ๐ฏ๐ด,,ุงูุฃููุฑ ุญูุฒู ุฃุฑุฏูู ุดู ุฏุฎู ุงูุฏูู ุงูุชุงููู ููู ููุงุนุฏูู ุจุญูู ุนูู ูู ูุงุญุฏ ููุชูู ุจุฏููุชู ุจููู ุงุญุณู ูุงุฏ ุงูู ุถู ๐คฃ,ar,[],[],[],12,1,59,[],[],https://twitter.com/leenhadaden/status/1510760810192252936,False,,0,,,,,,,,[],,,,
1510757612727508992,1510757612727508992,2022-04-04 02:14:18 EEST,2022-04-04,02:14:18,+0300,865751616,sharkawiahmed,ุฃุญูุฏ ุญุณู ุงูุดุฑูุงูู,,ุงูุฃุณุจุงุจ ุงูุญููููุฉ ูุชุฎูู ุงูุฃููุฑ ุญูุฒุฉ ุจู ุงูุญุณูู ุนู ููุจู ุงููููู.. ููุง ูู ุฃุตู ุงูุญูุงูุฉ ! ูุนูู ูู ุญุงูุ ูุฅู ุงูุชุฎูู ุนู ููุจ โุฃููุฑโ ููุซู ุณุงุจูุฉ ูู ุชุณุฌู ูู ูุจู ูู ุงูุนุงุฆูุฉ ุงููุงููุฉ ุงูุฃุฑุฏููุฉ. ููููุง ุชุนูู ุฃู ุงููุฑุตุฉ ูุฏ ุชููู ูุชุงุญุฉ ูุจุฑูุงูุฌ ูุณูุญ ูุญูุฒุฉ ุจู ุงูุญุณูู ุจูโูุบุงุฏุฑุฉ ุงูุจูุงุฏโ ููุฅูุงูุฉ ูู ุงูุฎุงุฑุฌ.,ar,[],[],[],2,10,102,[],[],https://twitter.com/sharkawiahmed/status/1510757612727508992,False,,0,,,,,,,,[],,,,
1510754020293443585,1510754020293443585,2022-04-04 02:00:01 EEST,2022-04-04,02:00:01,+0300,5536782,ajarabic,ููุงุฉ ุงูุฌุฒูุฑุฉ,,ุงูุฃููุฑ ุญูุฒุฉ ุจู ุงูุญุณูู ูุชุฎูู ุนู ููุจู ููููู ุฅู ููุงุนุงุชู ูู ุชุนุฏ ุชุชูุงุดู ูุน ุงูุฃุณุงููุจ ุงูุญุฏูุซุฉ ููุคุณุณุงุช ุงูุฏููุฉ ุงูุฃุฑุฏููุฉ  https://t.co/UCOp7MekNr,ar,[],[],['https://pbs.twimg.com/media/FPci_Q0XwAAfDzz.jpg'],126,85,1429,[],[],https://twitter.com/AJArabic/status/1510754020293443585,False,,1,https://pbs.twimg.com/media/FPci_Q0XwAAfDzz.jpg,,,,,,,[],,,,
1510749129969967110,1510749129969967110,2022-04-04 01:40:35 EEST,2022-04-04,01:40:35,+0300,1388625959193088001,shadw91447250,ุฃุฑุฏููุฉ,,ุจุนุช ูุง ุญูุฒุฉ ุนุงูู ุงูููุงู ูุงูุงููุงุจ ููุญู ุงุดุชุฑููุง ูุง ููู ูู ููุงุก ูุชูุฌูุงู ุงููุฑ ุงููุฑุงูุฉ ูุงูุดูุงูุฉ ูุงูุญุฑูุฉุ ุดุฑูุชูุง ูุง ุญูุฒุฉ ูุงูุช ุฏููุง ูุฎุฑูุง ูููุจุชูุงุ ุฏูุช ุจุฎูุฑ ูุง ุฌุจููุง ุงูุดุงูุฎุ ูุฏูุช ุงูุญุฑ ุงูุงุตูู ูููู ุงูุนูุฏ ุตุงุฏู ุงููููู ุงููุคูู ุจุงููู ุงููููุถ ูู ุงูุงูุฑ ููู  ุงููุฑ ุงููููุจ #ุงูุงููุฑ_ุญูุฒู  #ุงููุฑ_ุงููููุจ  https://t.co/ebi6H3A0Kx,ar,[],[],['https://pbs.twimg.com/media/FPdCU6DWQAMUqi6.jpg'],1,9,66,"['ุงูุงููุฑ_ุญูุฒู', 'ุงููุฑ_ุงููููุจ']",[],https://twitter.com/Shadw91447250/status/1510749129969967110,False,,1,https://pbs.twimg.com/media/FPdCU6DWQAMUqi6.jpg,,,,,,,[],,,,
1510729082715131905,1510729082715131905,2022-04-04 00:20:55 EEST,2022-04-04,00:20:55,+0300,1508511509177118724,oalhmaidhe,Orob Alhmaidhe,,ููู ุดุฎุต ุจูุญุจ ุงูุงููุฑ ุญูุฒู ุงุญูุง ูุงุฒู ุงูุฑุจู ุงูุงุนูุงููู ุฏููุง ุงูุฒูุชู ููู ุจุชููู ุจูุงูุงููุฑ ุงููุดูู ููู ุจูุณุงูู ุงูุญุจ ูุงูุงุญุชุฑุงู ูุงูุชูุฏูุฑ ูุงุฒู ูุนูู ุงููุงุฌููุง ุงููุชุฑูููุง ููุงุฑูุช ูู ุงููุง ูุฑูุจู ููุงู ูุณูุชูุง ูู ุดุนุฑูุง ูุฑุฒูุชูุง ุจุณ ุจุณุจุจ ุงูุนุฏ ูุงููุฌูู ุงููุชุฑููู ุฑุงุญ ุงูููู  ุงูููุงู ููู ูุญุจูู ุงูุงููุฑ ุญูุฒู  https://t.co/FRJU3CVC4J,ar,[],[],['https://pbs.twimg.com/media/FPcwGCKXEAEREYP.jpg'],95,29,255,[],[],https://twitter.com/OAlhmaidhe/status/1510729082715131905,False,,1,https://pbs.twimg.com/media/FPcwGCKXEAEREYP.jpg,,,,,,,[],,,,
1510728138644406276,1510728138644406276,2022-04-04 00:17:10 EEST,2022-04-04,00:17:10,+0300,531103519,tangelasubterra,ุงูุญุฏุงุฏ AlHaddad,,โฌ๏ธุณููู5 ุจูุงุณุชูุดูSONY  ๐ูููู ูุญุฏูุฏุฉ๐  โุงูุจูุน ุจุฃุณุนุงุฑ ููุงูุณู  โ๏ธุฌููุนูุง ุฌุฏูุฏู ุจุชุบููููุง ูุถูุงููุงุณูุชูู  ๐ูุทูุจ ูุงุชุณุงุจ ูู ุงูุจุงูู๐ฉ  ููุญุฌุฒ ุงู ุงูุทูุจ ุนู ุทุฑูู ุงููุชุฌุฑ ูุงููุงุชุณ  #ุงูููุงู #ููุด_ุตุงูุญ #ุจุงุฑุชูู_ุงูุณุฑู #ุงูุงููุฑ_ุญูุฒู  https://t.co/GpT9Rb6UHH,ar,[],[],['https://pbs.twimg.com/media/FPcvPCcXsAc-Agc.jpg'],0,912,461,"['ุงูููุงู', 'ููุด_ุตุงูุญ', 'ุจุงุฑุชูู_ุงูุณุฑู', 'ุงูุงููุฑ_ุญูุฒู']",[],https://twitter.com/Tangelasubterra/status/1510728138644406276,False,,1,https://pbs.twimg.com/media/FPcvPCcXsAc-Agc.jpg,,,,,,,[],,,,
1510722177099878407,1510722177099878407,2022-04-03 23:53:29 EEST,2022-04-03,23:53:29,+0300,1483790868100399108,kholoud85528666,Kholoud,,ุงููุง ุจุฒุนูู ุงูุฃุญุฑุงุฑ ูู ุตู ุงูุดุนุจ  #ุงูุงููุฑ_ุญูุฒู  https://t.co/qJvWEc9NB9,ar,[],[],['https://pbs.twimg.com/media/FPcp0D8XIAwgmCM.jpg'],1,8,113,['ุงูุงููุฑ_ุญูุฒู'],[],https://twitter.com/Kholoud85528666/status/1510722177099878407,False,,1,https://pbs.twimg.com/media/FPcp0D8XIAwgmCM.jpg,,,,,,,[],,,,
1510709638953680900,1510709638953680900,2022-04-03 23:03:40 EEST,2022-04-03,23:03:40,+0300,136696662,sameer_alnamri,ุณููุฑ ุงูููุฑู Sameer Alnamri,,ุฃุนูู ุงูุฃููุฑ #ุญูุฒุฉ_ุจู_ุงูุญุณูู ุงูุฃุฎ ุบูุฑ ุงูุดููู ูููู #ุงูุฃุฑุฏู ุชุฎููู ุนู ููุจ ุงูุฃููุฑุ ููุถุญุงู ูู ุฑุณุงูุฉ ูุดุฑูุง ุนูู ุญุณุงุจู ูู ุชููุชุฑ ุฃู ููุงุนุงุชู ูุง ุชุชูุงุดู ูุน ุงูููุฌ ูุงูุชูุฌูุงุช ูุงูุฃุณุงููุจ ุงูุญุฏูุซุฉ ูู ูุคุณุณุงุช ุงูููููุฉ.  https://t.co/Df1ChCQrvI,ar,[],[],['https://pbs.twimg.com/media/FPceZ6GXwAQH44e.jpg'],2,4,72,"['ุญูุฒุฉ_ุจู_ุงูุญุณูู', 'ุงูุฃุฑุฏู']",[],https://twitter.com/sameer_alnamri/status/1510709638953680900,False,,1,https://pbs.twimg.com/media/FPceZ6GXwAQH44e.jpg,,,,,,,[],,,,
1510709085389623297,1510709085389623297,2022-04-03 23:01:28 EEST,2022-04-03,23:01:28,+0300,497788324,aa_arabic,ANADOLU AGENCY (AR),,"ุฃุนูู ""ุงูุฃููุฑ"" #ุญูุฒุฉ_ุจู_ุงูุญุณููุ ุงูุฃุฎ ุบูุฑ ุงูุดููู ูููู #ุงูุฃุฑุฏูุ ุชุฎููู ุนู ููุจ ุฃููุฑุ ูุนุชุจุฑุง ุฃู ููุงุนุงุชู ูุง ุชุชูุงุดู ูุน ""ุงูููุฌ ูุงูุชูุฌูุงุช ูุงูุฃุณุงููุจ ุงูุญุฏูุซุฉ"" ูู ูุคุณุณุงุช ุงูููููุฉ.   https://t.co/PzBGh3NUHF  https://t.co/6cbB69f4lG",ar,[],['http://v.aa.com.tr/2554094'],['https://pbs.twimg.com/media/FPcd6AmWYAA7kth.jpg'],6,5,75,"['ุญูุฒุฉ_ุจู_ุงูุญุณูู', 'ุงูุฃุฑุฏู']",[],https://twitter.com/aa_arabic/status/1510709085389623297,False,,1,https://pbs.twimg.com/media/FPcd6AmWYAA7kth.jpg,,,,,,,[],,,,
1510699561840427009,1510699561840427009,2022-04-03 22:23:37 EEST,2022-04-03,22:23:37,+0300,1470815047328874497,mohammed772021,ุงูุฎุตุงููุฉ ๐ฏ๐ดโค๏ธ,,ุงูุฃููุฑ ุญูุฒุฉ ุจุชุดุนุฑ ู ูุงูู ุงุฑุฏูู ุฌุฏุงุ ุจุญุจู ููุงุฑุฏู ุจููุงูุญ ูุฌูู ุจุดูุงุบู ู ุนูุงูู ู ุญุชู ุจุตูุชูุ ูููู ูููู ูุง ุงูู ุฎุจุฒ ุจูุงูุจูุฏ ูุงูู ูุงูุจูุฏ ูููู ุงูุง ููุง ูู ุฃุฑุฏููุ ูุฒุฑุนู ู ุจุจูุนููุง ู ุจุดุชุฑููุง ู ุจุชุงุฌุฑูุง ูููุงุ ุชุฎูู ุงูุฃููุฑ ุญูุฒู ุนู ููุจ ุงูุฃููุฑ ุฑุณุงูู ูุงุถุญูุ ุนูููุง ุฏูุช ูู ูููุจูุง ุงููุฑุง ูุง ุฎูุฑ ุงูุงูุฑุงุก๐ฏ๐ด,ar,[],[],[],2,5,58,[],[],https://twitter.com/Mohammed772021/status/1510699561840427009,False,,0,,,,,,,,[],,,,
1510694888815407117,1510619201827917827,2022-04-03 22:05:03 EEST,2022-04-03,22:05:03,+0300,1216458190243745795,halazalabbadi1,Hala Al abbadi ๐ฏ๐ด๐ ููุง ุงูุนุจุงุฏู,,@HamzahHKJ ุฃููุฑูุง ูุฃููุฑ ูููุจูุง . #ุงูุงููุฑ_ุญูุฒู_ุงููุฑ_ูููุจูุง  ๐๐๐ป  https://t.co/T6oFzepDLg,ar,[],[],[],7,13,116,['ุงูุงููุฑ_ุญูุฒู_ุงููุฑ_ูููุจูุง'],[],https://twitter.com/HalaZAlabbadi1/status/1510694888815407117,False,,1,https://pbs.twimg.com/ext_tw_video_thumb/1510694848306761731/pu/img/yVx8kRSN6q574qHO.jpg,,,,,,,"[{'screen_name': 'HamzahHKJ', 'name': 'Hamzah bin AlHussein', 'id': '636418344'}]",,,,
1510689475940204551,1510689475940204551,2022-04-03 21:43:32 EEST,2022-04-03,21:43:32,+0300,6135542,dw_arabic,DW ุนุฑุจูุฉ,,"ุจุนุฏ ุญูุงูู ุนุงู ูู ุงุชูุงูู ุจุงููุดุงุฑูุฉ ูู ูุฎุทุทุงุช ูุฏููุง ุฒุนุฒุนุฉ ุฃูู #ุงูุฃุฑุฏู ููุธุงู ุงูุญูู ูููุ #ุงูุฃููุฑ_ุญูุฒุฉ ุจู ุงูุญุณูู ูุนูู ุชุฎููู ุนู ููุจ ""ุฃููุฑ""..   https://t.co/R90nDp6Zex",ar,[],['https://p.dw.com/p/49PE6'],[],13,18,145,"['ุงูุฃุฑุฏู', 'ุงูุฃููุฑ_ุญูุฒุฉ']",[],https://twitter.com/dw_arabic/status/1510689475940204551,False,,0,,,,,,,,[],,,,
1510688056789057541,1510688056789057541,2022-04-03 21:37:54 EEST,2022-04-03,21:37:54,+0300,297952936,om_yousuf011,R๐๐ฐ๐ฅ๐ | ุฑุดุง,,ุงููุฑุฉ ุงููุงุถูุฉ ุงูุฅุนูุงู ููู ูุฏ ูุง ููู ูุต ุฑุณุงูุฉ ุงูุฅุนุชุฐุงุฑ ูุงูุฎุจุฑ!! ุงูููู ูููููุ!! #ุงูุงููุฑ_ุญูุฒู,ar,[],[],[],10,3,56,['ุงูุงููุฑ_ุญูุฒู'],[],https://twitter.com/om_yousuf011/status/1510688056789057541,False,,0,,,,,,,,[],,,,
1510681200834359304,1510681200834359304,2022-04-03 21:10:40 EEST,2022-04-03,21:10:40,+0300,1249761786481573888,ahmadmilhem89,Ahmad Milhem,,ุงููุฑ ูุชูุงุฒู ุนู ุงููุฑูุชู ู ุงูููุชู ู ุงุญููุชู โฆ ุฎุฐููุง ูู ููุธูุฑ ุงุฎุฑ ุ ุชุฎููู ุงูุนุตุงุจู ุงูุชู ูุญุงุฑุจูุง ุ  #ุงูุงููุฑ_ุญูุฒู,ar,[],[],[],2,3,58,['ุงูุงููุฑ_ุญูุฒู'],[],https://twitter.com/ahmadmilhem89/status/1510681200834359304,False,,0,,,,,,,,[],,,,
1510677932544569350,1510677932544569350,2022-04-03 20:57:40 EEST,2022-04-03,20:57:40,+0300,1508372483820429314,nadiaesam22,Nadia esam ๐ฏ๐ด,,ูุงูููุจ ุดู ูููุฏ ุจุฏูู ูุญุจู. ูุญุจุฉ ุงููุงุณ ุงูู ูู ููููู ููุจ. ูุงูุช ุฃููุฑ ุจุนูููุง ููููุจูุง. ุญูุงู ุงููู #ุงูุงููุฑ_ุญูุฒู  https://t.co/kvWTwriHMr,ar,[],[],['https://pbs.twimg.com/media/FPcBkhGXsAQdf8z.jpg'],2,13,92,['ุงูุงููุฑ_ุญูุฒู'],[],https://twitter.com/Nadiaesam22/status/1510677932544569350,False,,1,https://pbs.twimg.com/media/FPcBkhGXsAQdf8z.jpg,,,,,,,[],,,,
1510677594252918789,1510677594252918789,2022-04-03 20:56:20 EEST,2022-04-03,20:56:20,+0300,1041090265761685504,lolomajali47,ูููุณ ูุญูุฏ ุงููุฌุงูู๐ฏ๐ด,,""" ุฃูุง ุฃุฑุฏูู ุญูุฑ ุฅุจู ุฃุจูู.""    #ุงูุงููุฑ_ุญูุฒู  https://t.co/AsE4rlGc7b",ar,[],[],[],2,7,71,['ุงูุงููุฑ_ุญูุฒู'],[],https://twitter.com/lolomajali47/status/1510677594252918789,False,,1,https://pbs.twimg.com/ext_tw_video_thumb/1510677103980732420/pu/img/Y2kCsNcBIBwkDNCh.jpg,,,,,,,[],,,,
1510675482056044548,1510675482056044548,2022-04-03 20:47:56 EEST,2022-04-03,20:47:56,+0300,1396897426066362373,bughanim73_q,ุจูุบุงูู,,ุงูุงููุฑ ุญูุฒู ุงุจู ุงูุญุณูู   ุชุฎูู ุนู ููุจ ููุณุจ ุงูุดุนุจ ..,ar,[],[],[],27,54,298,[],[],https://twitter.com/bughanim73_q/status/1510675482056044548,False,,0,,,,,,,,[],,,,
1510670734321934343,1510670734321934343,2022-04-03 20:29:04 EEST,2022-04-03,20:29:04,+0300,3184011456,basilrafayeh,ุจุงุณู ุฑูุงูุนุฉ Basil Alrafaih,,ุฃููุงู ูุณููุงู ุจุงูููุงุทู ุงูุฃุฑุฏูู ุญูุฒุฉ ุจู ุงูุญุณููุ ููุฏ ุงุฎุชุงุฑู ููุจููุ ูุง ููุจูู. ุงูููุงุทูุฉู ุญูููุฉ. ูุงูุฅูุงุฑุฉู ูุฌุงุฒุ ููู ุฃุญุณู ุฃุญูุงููุง ูููููุฑู ุงูุฏุซุฑู ูููุฏุซุฑูุ ููุง ุนููููุ ูุฎูุฐู ูููู ูู ูููููุฑู ุจูุงุฏูู ุงูุญูู: ุณูููููู ุจุนูููู ุณูุงู ุงูุฏูู ุนุฑููุงูุง ุณููููู ุจุนูููู ูุฎููู ุงูุฏูู ุจุญููุงูุง.  #ุงูุงููุฑ_ุญูุฒู,ar,[],[],[],24,89,690,['ุงูุงููุฑ_ุญูุฒู'],[],https://twitter.com/basilrafayeh/status/1510670734321934343,False,,0,,,,,,,,[],,,,
1510670413956853762,1510670413956853762,2022-04-03 20:27:48 EEST,2022-04-03,20:27:48,+0300,1178299700975472641,zaidalzreqat,ุฒูุฏ ุงูุฒุฑููุงุช ุงูุซูุงุจูุฉ ๐ฆโฆ๐ฏ๐ดโฉ,,ุณุชุจูู ุงููุฑูุง ูุณุชุจูู ุฑูุญ ุงููุทู ูุณุชุจูู ูู ูููุจูุง. #ุงูุงููุฑ_ุญูุฒู  ูู ุนุงู ูุงูุช ุฃููุฑูุง ููุงุฆุฏูุง ุณูู ุงูุฃููุฑ ุญูุฒุฉ ุจู ุงูุญุณูู.  https://t.co/QK8mVPLL2h,ar,[],[],[],2,11,89,['ุงูุงููุฑ_ุญูุฒู'],[],https://twitter.com/zaidalzreqat/status/1510670413956853762,False,,1,https://pbs.twimg.com/ext_tw_video_thumb/1510670376824623104/pu/img/Xpl7Wl75eHAbt07L.jpg,,,,,,,[],,,,
1510669261433364481,1510669261433364481,2022-04-03 20:23:13 EEST,2022-04-03,20:23:13,+0300,1489606538817937411,yws7_,ูุญูุฏ,,ุงูุญูุฑ ุญูุฑ ูุฅู ุฌุงุฑ ุจูู ุงูุฒูุงู ุณุชุจูู ุฃููุฑ ุงููููุจ  #ุงูุงููุฑ_ุญูุฒู ๐ฏ๐ด  https://t.co/b8VoESFzha,ar,[],[],"['https://pbs.twimg.com/media/FPb5qbSXIAAhtfv.jpg', 'https://pbs.twimg.com/media/FPb5qbQWUAUjvOU.jpg']",0,8,75,['ุงูุงููุฑ_ุญูุฒู'],[],https://twitter.com/yws7_/status/1510669261433364481,False,,1,https://pbs.twimg.com/media/FPb5qbSXIAAhtfv.jpg,,,,,,,[],,,,
1510664004217286666,1510664004217286666,2022-04-03 20:02:20 EEST,2022-04-03,20:02:20,+0300,163471023,harasis2010,M.Harasis ยฆ ูุตุนุจ,,ุฌูุงุนุฉ ุงูุฃุฎุทุงุก ุงูุฅููุงุฆูุฉ ุงุฑุญูููุง ุดูู ุ ุน ุฃุณุงุณ ุฑุณุงูุฉ ุงูุงุนุชุฐุงุฑ ูุงูุช ุชุญูุฉ ูุบููุฉ!ุ ๐ #ุงูุงููุฑ_ุญูุฒู,ar,[],[],[],6,2,65,['ุงูุงููุฑ_ุญูุฒู'],[],https://twitter.com/harasis2010/status/1510664004217286666,False,,0,,,,,,,,[],,,,
1510661970311196675,1510619201827917827,2022-04-03 19:54:15 EEST,2022-04-03,19:54:15,+0300,1406660796780789767,jdt51261867,JT ๐ฆ๐ฏ๐ด๐ฆ,,@AlhadidTala @HamzahHKJ ููู ุชุฌุงูุฒุชู ุงูููุฉ ูุงูุญููุฉ ูุนุงูุชู ุญุชู ุงูุฎุณู ูุงูุฑุฏูู  ุงูุฑุณุงูุฉ ุชุฌุงูุฒุช ูู ุณูุงููุง ูู ูุนุงูู ุงูููุง ุงูุดุฌุงุนุฉ ูุงูุงูุงูุฉ ุงูุนูุฏ ูุงููุนุฏ ูุชุฌุฏุฏ ุจูุนุฉ ุงููุงุดูููู ููุงุฑุฏูููู  ุฒูุฒุงู ุงูู ูููุถู ุนูู ุงูุซูุงุจุช ุงูุชู ุบุฑุณุช ูู ุงููุฑ ุงููููุจ ูู ููู ุงููููุจ ููุง ุนูุฏูุง ุงูู ุฑุบู ุงูุงูู ูู ุงููุฑ ุจุญุฌู ุงููุทู #ุงูุงููุฑ_ุญูุฒู  https://t.co/C7Gjqvl5ao,ar,[],[],['https://pbs.twimg.com/media/FPbzDXFWUAYTOaM.jpg'],0,5,108,['ุงูุงููุฑ_ุญูุฒู'],[],https://twitter.com/JDT51261867/status/1510661970311196675,False,,1,https://pbs.twimg.com/media/FPbzDXFWUAYTOaM.jpg,,,,,,,"[{'screen_name': 'AlhadidTala', 'name': 'Tala Alhadid', 'id': '1121845269950234626'}, {'screen_name': 'HamzahHKJ', 'name': 'Hamzah bin AlHussein', 'id': '636418344'}]",,,,
1510660118408540164,1510660118408540164,2022-04-03 19:46:53 EEST,2022-04-03,19:46:53,+0300,937144965595058176,haetamnabil,ููุซู ูุจูู ุงูุนูุงุตุฑุฉ,,ูุง ูููุฉ ุงููุงุณ ุฅูุง ูู ูุจุงุฏุฆูู  ูุง ุงููุงูู ูุจูู ููุง ุงูุฃููุงุจู ูุงูุฑุชุจู  โง#ุงูุงููุฑ_ุญูุฒู  ๐ฏ๐ด๐ฏ๐ด,ar,[],[],[],0,4,54,['ุงูุงููุฑ_ุญูุฒู'],[],https://twitter.com/HaetamNabil/status/1510660118408540164,False,,0,,,,,,,,[],,,,
1510658590197141507,1510658590197141507,2022-04-03 19:40:49 EEST,2022-04-03,19:40:49,+0300,396288884,ali_reports,Ali Younes,,A letter from Prince Hamzah relinquishes in it his royal tile of โ princeโ due to his disagreement of how Jordan is being governed.Pledging in the meantime to remain faithful and loyal to #jordan and the people of Jordan . #princehamzah #ุงูุงููุฑ_ุญูุฒู  https://t.co/MrUoe2NZMS,en,[],[],['https://pbs.twimg.com/media/FPbv-sWWUAEvPQC.jpg'],9,10,63,"['jordan', 'princehamzah', 'ุงูุงููุฑ_ุญูุฒู']",[],https://twitter.com/Ali_reports/status/1510658590197141507,False,,1,https://pbs.twimg.com/media/FPbv-sWWUAEvPQC.jpg,,,,,,,[],,,,
1510656023874478081,1510656023874478081,2022-04-03 19:30:37 EEST,2022-04-03,19:30:37,+0300,163471023,harasis2010,M.Harasis ยฆ ูุตุนุจ,,"""ุณุจุญุงู ูู ูุถุน ูู ุงููุจูู ูู ูููุจ ุงูุจุดุฑ"" #ุงูุงููุฑ_ุญูุฒู โค๏ธ",ar,[],[],[],2,8,85,['ุงูุงููุฑ_ุญูุฒู'],[],https://twitter.com/harasis2010/status/1510656023874478081,False,https://twitter.com/HamzahHKJ/status/1510619201827917827,0,,,,,,,,[],,,,
1510652608297455624,1510652608297455624,2022-04-03 19:17:03 EEST,2022-04-03,19:17:03,+0300,879435346634821632,hamoda_j3,ูุญูุฏ ุงูุฎุฒุงุนูุฉ ๐โจ,,ุงูุถููุฑ ุงูุญูุฑ ูููุฏ ุฅูู ุฃูุซุฑ ูู ุฐูู ๐ ุณูุชุจูู ุฃููุฑ ุงููููุจ ุ ูุงูุญูุฑ ุฃุจู ุฃุจูู๐ค #ุงูุงููุฑ_ุญูุฒู  #ุงููุฑ_ุงููููุจ  https://t.co/up0LUmAyJz,ar,[],[],['https://pbs.twimg.com/media/FPbqiQzXsAUGhps.jpg'],1,10,91,"['ุงูุงููุฑ_ุญูุฒู', 'ุงููุฑ_ุงููููุจ']",[],https://twitter.com/Hamoda_j3/status/1510652608297455624,False,,1,https://pbs.twimg.com/media/FPbqiQzXsAUGhps.jpg,,,,,,,[],,,,
1510648425209073674,1510648425209073674,2022-04-03 19:00:25 EEST,2022-04-03,19:00:25,+0300,817832090448314368,ahmad_al_majali,Dr.Ahmad Al-Majali,,ูููู ุงูู ุตุงุญุจ ููุงุนุงุช ูุซูุงุจุช ุนููุช ุงููุณุงุก ุฃู ุชูุฏ ูู ุจุนุฏู ูู ูู ุงูุงูุงูู ูุงูููุฉ ูุงูุดุฌุงุนู ูู ุงูุชูุณู ุจูุง ูุงูุซุจุงุช ุนูููุง   ุงูุช ุงูุฌุฏูุฑ ุจุฃู ุชููู ุงููุฏูุฉ ููู ุดุงุจ ูุทูุญ ุจุงู ูุนูุด ุจููุจ ูุงุญุฏ ุฑุงุถู ุฑุจู ูุถููุฑู ูุฏููู    ูู ุงูุงุนุฌุงุจ ูุงููุฎุฑ ุณูุฏู ูุง ุญุฑ ูุง ุงุจู ุงูุญุณูู  #ุงูุงููุฑ_ุญูุฒู @HamzahHKJ @QueenNoor,ar,"[{'screen_name': 'hamzahhkj', 'name': 'hamzah bin alhussein', 'id': '636418344'}, {'screen_name': 'queennoor', 'name': 'noor al hussein', 'id': '121887978'}]",[],[],1,7,65,['ุงูุงููุฑ_ุญูุฒู'],[],https://twitter.com/Ahmad_al_majali/status/1510648425209073674,False,https://twitter.com/hamzahhkj/status/1510619201827917827,0,,,,,,,,[],,,,
1510648375338754053,1510619201827917827,2022-04-03 19:00:13 EEST,2022-04-03,19:00:13,+0300,1460352701036994566,jo49563230,Jo,,"@HamzahHKJ "" ูุฅููู ุนูู ุญูุจู ูุทูู  ูู ุงูุซุงุจุชูู ุงูุตูุงูุฏูู ุุงูุฑูุงูุถูู ููุฑุฉ ุงูุงุณุชุบูุงุก ุญุชู ุนู ุฐุฑุฉ ูู ุชุฑุงุจู "" ๐๐ฏ๐ด ุงูุฃููุฑ ุญูุฒุฉ ุจู ุงูุญุณูู  https://t.co/lfY3qqqo78",ar,[],[],['https://pbs.twimg.com/media/FPbmsOMWQAUNHOT.jpg'],1,19,196,[],[],https://twitter.com/Jo49563230/status/1510648375338754053,False,,1,https://pbs.twimg.com/media/FPbmsOMWQAUNHOT.jpg,,,,,,,"[{'screen_name': 'HamzahHKJ', 'name': 'Hamzah bin AlHussein', 'id': '636418344'}]",,,,
1510647132621004807,1510647132621004807,2022-04-03 18:55:17 EEST,2022-04-03,18:55:17,+0300,952165644438556672,rahafqais,ุฑูู ููุณ ุงููุฌุงูู,,"ูุดูุฏ ุงูุชููุงุฒู ุงููุญูุฏ ุงูุฐู ูุง ููุฑุงุฏู ุงูุงูููุงุฑ ุฃู ุงูุฎุณุงุฑุฉ ุจุฃู ุญุงูุ ูููู ุญูุฒุฉ ุงูุฃุฑุฏูู ุจุชุนุจูุฑ ุขุฎุฑ: ูุฐุง ุงูุนููู ุงููุญูุฏ ุงููู ุทุนูู ุญูู! ุงูุจุฑูุจุงุฌูุฏุง ุงูุฃุฑุฏููุฉ ุชุงููุฉ ูุชูุฎุงุชู ุงูุญูููุฉุ ูุฑุณุงูุฉ ุญูุฒุฉ ุงููุณุทูุฑุฉ ูุณุฎุช ูุง ูุจููุง ูู ุงุนุชุฐุงุฑุงุช ""ูููููุฉ""ุ ุจุชูุงุทุค.. #ุงูุฃููุฑ_ุญูุฒุฉ #ุงูุฃุฑุฏู.",ar,[],[],[],9,27,201,"['ุงูุฃููุฑ_ุญูุฒุฉ', 'ุงูุฃุฑุฏู']",[],https://twitter.com/RahafQais/status/1510647132621004807,False,https://twitter.com/HamzahHKJ/status/1510619201827917827,0,,,,,,,,[],,,,
1510646260277067776,1510646260277067776,2022-04-03 18:51:49 EEST,2022-04-03,18:51:49,+0300,1037760173341896704,hamaidamahar,mahar hamaida,,brave heart โค๏ธ #princehamzeh #jordan #ุงูุงููุฑ_ุญูุฒู #ุงููุฑ_ุงููููุจ  https://t.co/p6WxhgH0PA,en,[],[],['https://pbs.twimg.com/media/FPbkwvoX0AEV4Gf.jpg'],9,17,221,"['princehamzeh', 'jordan', 'ุงูุงููุฑ_ุญูุฒู', 'ุงููุฑ_ุงููููุจ']",[],https://twitter.com/HamaidaMahar/status/1510646260277067776,False,,1,https://pbs.twimg.com/media/FPbkwvoX0AEV4Gf.jpg,,,,,,,[],,,,
1510642051754438665,1510642051754438665,2022-04-03 18:35:06 EEST,2022-04-03,18:35:06,+0300,1249761786481573888,ahmadmilhem89,Ahmad Milhem,,ุงููุดูุช ุงูุงุฐูุจูู โฆ ุฌูุงูุฉ ุงุฎู ุงูุงุนุธู ุจุณูู ุนูููู  #ุงูุงููุฑ_ุญูุฒู โค๏ธ  https://t.co/ZvB5ySg9P8,ar,[],[],['https://pbs.twimg.com/media/FPbg7OlWUAMgwO6.jpg'],14,16,142,['ุงูุงููุฑ_ุญูุฒู'],[],https://twitter.com/ahmadmilhem89/status/1510642051754438665,False,,1,https://pbs.twimg.com/media/FPbg7OlWUAMgwO6.jpg,,,,,,,[],,,,
1510641496642539527,1510641496642539527,2022-04-03 18:32:53 EEST,2022-04-03,18:32:53,+0300,1502334014392356872,_dr_muh,ูุญูุฏ,,ุงูุฃููุฑ ุฃููุฑ ุจุฃุฎูุงูู ูุชูุงุถุนู ูุฅุญุชุฑุงูู ูุจุฅุญุชุฑุงู ุงููุงุณ ููุญุจุชูุง ุ ูุญูุฒุฉ ูุด ูุงูุตุฉ ูููุง ุฅุดู ุ ุฃููุฑ ุจููุจ ููู ุบูุฑ ููุจ ุ ูู ูููุจูุง ู ูุฌุฏุงููุง ุ ุงูุฃููุฑ ุญูุฒุฉ ุฅุฎุชุงุฑ ุงูุชูุญู ููู ุณูุจูู ูู ุงูุตูุฑุฉ ุฏุงุฆูุง ูุฑุฌู ูุทู ุจูุง ูู ูุฌุฑุค ุฃุญุฏ ุนูู ุงููุทู ุจู ูุจูู ุ ููู ุฏุงุฎู ุงููุตุฑ ููุณู.,ar,[],[],[],2,10,93,[],[],https://twitter.com/_Dr_muh/status/1510641496642539527,False,,0,,,,,,,,[],,,,
1510641114612703234,1510641114612703234,2022-04-03 18:31:22 EEST,2022-04-03,18:31:22,+0300,1388625959193088001,shadw91447250,ุฃุฑุฏููุฉ,,ุงูููุงุทู ุงูุงุฑุฏูู ุญูุฒุฉ ุจู ุงูุญุณูู ุงููุงุดูู #ุงููุฑ_ุงููููุจ #ุงูุงููุฑ_ุญูุฒู  https://t.co/Xjg4XQEn7Q,ar,[],[],['https://pbs.twimg.com/media/FPbgFmaXsAkSTAU.jpg'],3,13,155,"['ุงููุฑ_ุงููููุจ', 'ุงูุงููุฑ_ุญูุฒู']",[],https://twitter.com/Shadw91447250/status/1510641114612703234,False,,1,https://pbs.twimg.com/media/FPbgFmaXsAkSTAU.jpg,,,,,,,[],,,,
1510639987150274563,1510639987150274563,2022-04-03 18:26:53 EEST,2022-04-03,18:26:53,+0300,1502334014392356872,_dr_muh,ูุญูุฏ,,ุงูุฃููุฑ ุญูุฒุฉ ูุฅูู ุจููู ูููุงุณ ูุงุฌุฑูุง ูุณูุจูู ูู ุงููุถุน ุงูุญุงูู ุงูุจูุฏ ูู ูููุงุด ูุงูุฏุฉ ููุง ูููุง ุฃู ุฃูู ุจุณ ุจุทุฑููุฉ ุดูู ุดูู ุ ุงูุฑุฌู ููุฏ ุงูุฃูู ูู ุงููุถุน ุงูุญุงูู ูุงูููุฌ ุงูุญุงูู ููุฃุณู ุ ููุฃูู ูุฑูุน ุงูุฑุงูุฉ ุงูุจูุถุงุก !!.,ar,[],[],[],11,4,109,[],[],https://twitter.com/_Dr_muh/status/1510639987150274563,False,,0,,,,,,,,[],,,,
1510638877693853702,1510638877693853702,2022-04-03 18:22:29 EEST,2022-04-03,18:22:29,+0300,1129616098352095232,taimaaldibie,๏ฎผุชููุงุกุุนูุงุฏุุงูุญูุงุตุงุช ๐ฆ๐ค,,"""ูุง ูููุฉ ุงููุงุณ ุฅูุง ูู ูุจุงุฏุฆูู ูุง ุงููุงูู ูุจูู ููุง ุงูุฃููุงุจู ูุงูุฑุชุจู"" #ุงูุงููุฑ_ุญูุฒู  https://t.co/w0e2gLyRE3",ar,[],[],['https://pbs.twimg.com/media/FPbeDGwXsAA9LKI.jpg'],6,53,327,['ุงูุงููุฑ_ุญูุฒู'],[],https://twitter.com/taimaaldibie/status/1510638877693853702,False,,1,https://pbs.twimg.com/media/FPbeDGwXsAA9LKI.jpg,,,,,,,[],,,,
1510637110985998337,1510637110985998337,2022-04-03 18:15:28 EEST,2022-04-03,18:15:28,+0300,1475876531020787712,baderalhwayan10,ุจุฏุฑ ุงูุญููุงู 10 ๐ฏ๐ด๐ฏ๐ด,,ุงูุณุญูุฌุฉ ูุงููุทุจููู ุจุงูุฒุงููุฉ ูุงุนุฏูู ๐๐ ููุง ุณุงูุน ููุณ ููุงูู ูููู   #ุฑุณุงูุฉ_ุงูุงููุฑ_ุญูุฒุฉ,ar,[],[],[],19,4,134,['ุฑุณุงูุฉ_ุงูุงููุฑ_ุญูุฒุฉ'],[],https://twitter.com/baderalhwayan10/status/1510637110985998337,False,,0,,,,,,,,[],,,,
1510637062361436165,1510637062361436165,2022-04-03 18:15:16 EEST,2022-04-03,18:15:16,+0300,1317014599741431808,ibra_nisreen95,Nisreen Al_Jamalโ๏ธ ๐ฏ๐ด,,ูู ุจุงุจ ุงูุฃูุงูุฉ ููู ูุงูุถููุฑ ูุง ุฃุฑู ุณูู ุงูุชุฑูุน ูุงูุชุฎูู ุนู ููุจ ุงูุฃููุฑ ! #ุงูุงููุฑ_ุญูุฒู  https://t.co/wMRHiy9fGH,ar,[],[],[],1,18,92,['ุงูุงููุฑ_ุญูุฒู'],[],https://twitter.com/Ibra_Nisreen95/status/1510637062361436165,False,,1,https://pbs.twimg.com/ext_tw_video_thumb/1510636371261669391/pu/img/PFiRd_kt25FzWeIA.jpg,,,,,,,[],,,,
1510636346016247809,1510636346016247809,2022-04-03 18:12:25 EEST,2022-04-03,18:12:25,+0300,1420060666631753733,shahidalzraqat1,shahid.alzraqat๐ฏ๐ด๐ฆ,,"""ุฅูู ุฃุฑู ููุณู ูู ุญูุฒู"" ูู ุงููุงู ุงูููู ุงูุญุณูู ุจู ุทูุงู ุฑุญูู ุงูููโค #ุงูุงููุฑ_ุญูุฒู  https://t.co/UMtlSV6fto",ar,[],[],['https://pbs.twimg.com/media/FPbbwEJX0AcbAsW.jpg'],3,26,284,['ุงูุงููุฑ_ุญูุฒู'],[],https://twitter.com/shahidAlzraqat1/status/1510636346016247809,False,,1,https://pbs.twimg.com/media/FPbbwEJX0AcbAsW.jpg,,,,,,,[],,,,
1510633969548673028,1510619201827917827,2022-04-03 18:02:59 EEST,2022-04-03,18:02:59,+0300,1388625959193088001,shadw91447250,ุฃุฑุฏููุฉ,,"@HamzahHKJ ""ูุง ูููุฉ ุงููุงุณ ุฅูุง ูู ูุจุงุฏุฆูู ูุง ุงููุงูู ูุจูู ููุง ุงูุฃููุงุจู ูุงูุฑุชุจู"" #ุงูุงููุฑ_ุญูุฒู  https://t.co/Cdc8tZ737V",ar,[],[],['https://pbs.twimg.com/media/FPbZltsXMAADRwx.jpg'],2,18,225,['ุงูุงููุฑ_ุญูุฒู'],[],https://twitter.com/Shadw91447250/status/1510633969548673028,False,,1,https://pbs.twimg.com/media/FPbZltsXMAADRwx.jpg,,,,,,,"[{'screen_name': 'HamzahHKJ', 'name': 'Hamzah bin AlHussein', 'id': '636418344'}]",,,,
1510632751027867657,1510632751027867657,2022-04-03 17:58:08 EEST,2022-04-03,17:58:08,+0300,1175478326967853059,generalinspect2,General Inspector,,ุฃูุซุฑ ูู 10 ุฃุฎุทุงุก ุฅููุงุฆูุฉ ูู ุฑุณุงูุฉ ุชุฎูู ุงูุฃููุฑ ุญูุฒุฉ ุนู ููุจู!. ๐ #ุงูุฃุฑุฏู  https://t.co/0ELx39nP3C,ar,[],[],['https://pbs.twimg.com/media/FPbYenEXMAkwL5s.jpg'],96,19,334,['ุงูุฃุฑุฏู'],[],https://twitter.com/GeneralInspect2/status/1510632751027867657,False,,1,https://pbs.twimg.com/media/FPbYenEXMAkwL5s.jpg,,,,,,,[],,,,
1510632351096885248,1510619201827917827,2022-04-03 17:56:33 EEST,2022-04-03,17:56:33,+0300,1388625959193088001,shadw91447250,ุฃุฑุฏููุฉ,,@HamzahHKJ ููููุถ ุฎูุงููู ุนู ุฏุงุฑู ุธููููุชู ุจูุง ูุฌุงูุจู ุงูุฐููููู ุฅููู ุงูุฐููููู ููุฌุชููุจู #ุงูุงููุฑ_ุญูุฒู  https://t.co/4ax1ez1bca,ar,[],[],['https://pbs.twimg.com/media/FPbYHezWUAMx_Ra.jpg'],1,13,154,['ุงูุงููุฑ_ุญูุฒู'],[],https://twitter.com/Shadw91447250/status/1510632351096885248,False,,1,https://pbs.twimg.com/media/FPbYHezWUAMx_Ra.jpg,,,,,,,"[{'screen_name': 'HamzahHKJ', 'name': 'Hamzah bin AlHussein', 'id': '636418344'}]",,,,
1510632040110116866,1510632040110116866,2022-04-03 17:55:19 EEST,2022-04-03,17:55:19,+0300,831984447096500224,soldier2017kg,ุงูุฃุญุฏุงุซ ุงูุฑูุณูุฉ๐ท๐บ๐,,"ุงูุฃุฑุฏู: ุงูุฃููุฑ ุญูุฒุฉ ุจู ุงูุญุณูู ูุนูู ุชุฎููู ุนู ููุจ ""ุงูุฃููุฑ""",ar,[],[],[],47,122,1669,[],[],https://twitter.com/soldier2017kg/status/1510632040110116866,False,,0,,,,,,,,[],,,,
1510631596851879940,1510631596851879940,2022-04-03 17:53:33 EEST,2022-04-03,17:53:33,+0300,1480241720600285190,aldstwryh2,ุฃุญุฑุงุฑ ุงูููููุฉ ุงูุฏุณุชูุฑูุฉ,,ุนุงุฌู โฆ ุงูุงููุฑ ุญูุฒุฉ ูุบุฑุฏ ุงูุงู ููุชุฎูู ุนู ููุจ ุฃููุฑ ูููุถู ุงูู ุฎูุฏู ุงูุดุนุจ .. ุจูุฐู ุงูุชุบุฑูุฏุฉ ุงูุงููุฑ ุญูุฒุฉ ูุซุจุช ูุฐุจ ุงุฏุนุงุกุงุชูู ูุงูุชุฑุงุฆูู ุนููู ..  ุฑุฌู ุจุฃูู ุฑุฌู  ุฑุฌู ูู ุฒูู ุนุฒ ููู ุงูุฑุฌุงู  https://t.co/NEl9heMEpl,ar,[],[],[],0,9,72,[],[],https://twitter.com/aldstwryh2/status/1510631596851879940,False,,1,https://pbs.twimg.com/ext_tw_video_thumb/1510631546516029445/pu/img/T6oDn9QRHwbHdhsq.jpg,,,,,,,[],,,,
1510631387400974350,1510631387400974350,2022-04-03 17:52:43 EEST,2022-04-03,17:52:43,+0300,1383854970823352329,hamzaweyeh,ุฃุฑุฏููุฉ ุญุฑุฉ,,ุนุงุฌู โฆ ุงูุงููุฑ ุญูุฒุฉ ูุบุฑุฏ ุงูุงู ููุชุฎูู ุนู ููุจ ุฃููุฑ ูููุถู ุงูู ุฎูุฏู ุงูุดุนุจ .. ุจูุฐู ุงูุชุบุฑูุฏุฉ ุงูุงููุฑ ุญูุฒุฉ ูุซุจุช ูุฐุจ ุงุฏุนุงุกุงุชูู ูุงูุชุฑุงุฆูู ุนููู ..  ุฑุฌู ุจุฃูู ุฑุฌู  ุฑุฌู ูู ุฒูู ุนุฒ ููู ุงูุฑุฌุงู  https://t.co/ytD3rAZ5pn,ar,[],[],[],1,7,77,[],[],https://twitter.com/hamzaweyeh/status/1510631387400974350,False,,1,https://pbs.twimg.com/ext_tw_video_thumb/1510631339309080577/pu/img/TUO9mzV4_I0PlCUt.jpg,,,,,,,[],,,,
1510631357613056006,1510631357613056006,2022-04-03 17:52:36 EEST,2022-04-03,17:52:36,+0300,245684181,ahrwash,Ahmad .A.RWASH,,ุงู ุตุฏูุช ูุฐู ุงูุฑุณุงูุฉ  ููุฐุง ูุนูู ุงู ุฑุณุงูุฉ ุงูุงุนุชุฐุงุฑ ูุญุถ ูุฐุจ ูุงูุชุฑุงุก  ุตุงุญุจ ุงููุจุงุฏูุก ูุงูุงุฎูุงู ุงูุญุณูุฉ  ูุงูุณุชุทูุน ุงูุชุฎูู ุนู ูุจุงุฏุฆู ููู ูููู ุฐูู ูุชุน ุงูุฏููุง ูุฒููุชูุง ...ูุงุญุณุจ ุญูุฒุฉ ุจู ุงูุญุณูู ูุฐูู  #ุงูุงููุฑ_ุญูุฒู  https://t.co/ClZKQxlps5,ar,[],[],['https://pbs.twimg.com/media/FPbXNoUX0AYuB6Q.jpg'],11,20,153,['ุงูุงููุฑ_ุญูุฒู'],[],https://twitter.com/AHRWASH/status/1510631357613056006,False,,1,https://pbs.twimg.com/media/FPbXNoUX0AYuB6Q.jpg,,,,,,,[],,,,
1510631290105733130,1510631290105733130,2022-04-03 17:52:20 EEST,2022-04-03,17:52:20,+0300,1388625959193088001,shadw91447250,ุฃุฑุฏููุฉ,,ููููุถ ุฎูุงููู ุนู ุฏุงุฑู ุธููููุชู ุจูุง ูุฌุงูุจู ุงูุฐููููู ุฅููู ุงูุฐููููู ููุฌุชููุจู #ุงูุงููุฑ_ุญูุฒู  https://t.co/JspsXtQPf4,ar,[],[],['https://pbs.twimg.com/media/FPbXJrqWUAUtPfA.jpg'],0,9,70,['ุงูุงููุฑ_ุญูุฒู'],[],https://twitter.com/Shadw91447250/status/1510631290105733130,False,,1,https://pbs.twimg.com/media/FPbXJrqWUAUtPfA.jpg,,,,,,,[],,,,
1510629372159537157,1510629372159537157,2022-04-03 17:44:43 EEST,2022-04-03,17:44:43,+0300,2398178730,daaja0,๐ฏ๐ดSara Aldaaja,,ูุงูููุจ ุดู ูููุฏ ุจุฏูู ูุญุจู. ูุญุจุช ุงููุงุณ ุงูู ูู ููููู ููุจ. ูุงูุช ุฃููุฑ ุจุนูููุง ููููุจูุง. ุญูุงู ุงููู #ุงูุงููุฑ_ุญูุฒู  https://t.co/WkOxukEaOm,ar,[],[],['https://pbs.twimg.com/media/FPbVaH_WQAUSyIO.jpg'],7,27,216,['ุงูุงููุฑ_ุญูุฒู'],[],https://twitter.com/daaja0/status/1510629372159537157,False,,1,https://pbs.twimg.com/media/FPbVaH_WQAUSyIO.jpg,,,,,,,[],,,,
1510628441879728128,1510628441879728128,2022-04-03 17:41:01 EEST,2022-04-03,17:41:01,+0300,5536782,ajarabic,ููุงุฉ ุงูุฌุฒูุฑุฉ,,ุนุงุฌู | ุงูุฃููุฑ ุญูุฒุฉ ุจู ุงูุญุณูู ูุชุฎูู ุนู ููุจ ุงูุฃููุฑ ูู ุฑุณุงูุฉ ูุดุฑูุง ูู ุตูุญุชู ุนูู ุชููุชุฑ  https://t.co/542qG93Dz7,ar,[],[],['https://pbs.twimg.com/media/FPbUWj6XEAQfDUF.jpg'],44,39,474,[],[],https://twitter.com/AJArabic/status/1510628441879728128,False,,1,https://pbs.twimg.com/media/FPbUWj6XEAQfDUF.jpg,,,,,,,[],,,,
1510628412649525248,1510628186819899401,2022-04-03 17:40:54 EEST,2022-04-03,17:40:54,+0300,2443666806,alarabytv,ุงูุชููุฒููู ุงูุนุฑุจู,,#ุนุงุฌู | ุงูุฃููุฑ ุญูุฒุฉ ุนูู ุชููุชุฑ: ููุงุนุชู ุงูุดุฎุตูุฉ ูุงูุซูุงุจุช ุงูุชู ุบุฑุณูุง ูุงูุฏู ูู ูุง ุชุชูุงุดู ูุน ุงูููุฌ ูุงูุชูุฌูุงุช ูุงูุฃุณุงููุจ ุงูุญุฏูุซุฉ ููุคุณุณุงุชูุง #ุงูุฃุฑุฏู,ar,[],[],[],4,3,66,"['ุนุงุฌู', 'ุงูุฃุฑุฏู']",[],https://twitter.com/AlarabyTV/status/1510628412649525248,False,,0,,,,,,,,[],,,,
1510628194256363530,1510628194256363530,2022-04-03 17:40:02 EEST,2022-04-03,17:40:02,+0300,725865912650334209,i___guns,ุงูููุฉ ุงูุนุณูุฑูุฉ,,ุฑุณุงูุฉ ุงูุฃููุฑ ุญูุฒุฉ . ูููุง ุฏุฎู - ุงููู ูุตูุญ ุญุงู ุงูุฃุฑุฏู ุญูููุฉู ูุดุนุจุง,ar,[],[],[],41,38,163,[],[],https://twitter.com/i___guns/status/1510628194256363530,False,,0,,,,,,,,[],,,,
1510628186819899401,1510628186819899401,2022-04-03 17:40:00 EEST,2022-04-03,17:40:00,+0300,2443666806,alarabytv,ุงูุชููุฒููู ุงูุนุฑุจู,,#ุนุงุฌู | ุงูุฃููุฑ ุญูุฒุฉ ุจู ุงูุญุณูู ูุนูู ุชุฎููู ุนู ููุจ ุฃููุฑ ูู ุฑุณุงูุฉ ูุดุฑูุง ุนูู ุญุณุงุจู ุนูู ุชููุชุฑ #ุงูุฃุฑุฏู  https://t.co/stCP7h5yOk,ar,[],[],['https://pbs.twimg.com/media/FPbTjQPXwAE3pfc.jpg'],49,29,375,"['ุนุงุฌู', 'ุงูุฃุฑุฏู']",[],https://twitter.com/AlarabyTV/status/1510628186819899401,False,,1,https://pbs.twimg.com/media/FPbTjQPXwAE3pfc.jpg,,,,,,,[],,,,
1510627879779983363,1510627879779983363,2022-04-03 17:38:47 EEST,2022-04-03,17:38:47,+0300,1317014599741431808,ibra_nisreen95,Nisreen Al_Jamalโ๏ธ ๐ฏ๐ด,,"""ููุณุช ุงูุงููุงุจ ูู ุงูุชู ุชุดุฑู ุงูุฑุฌุงู ุ ุจู ุงูุฑุฌุงู ูู ุงูุฐูู  ูุดุฑููู ุงูุงููุงุจ "" ุญูุฒุฉ ููุช ููุงุฒูุช ูุณุชุธู ุงููุฑูุง ูุงูููุง โค๏ธ #ุงูุงููุฑ_ุญูุฒู  https://t.co/czUuhFg7Mb",ar,[],[],['https://pbs.twimg.com/media/FPbUDNpXwAYJi6h.jpg'],2,8,76,['ุงูุงููุฑ_ุญูุฒู'],[],https://twitter.com/Ibra_Nisreen95/status/1510627879779983363,False,,1,https://pbs.twimg.com/media/FPbUDNpXwAYJi6h.jpg,,,,,,,[],,,,
1510626427623944198,1510626427623944198,2022-04-03 17:33:01 EEST,2022-04-03,17:33:01,+0300,274422326,orientnews,Orient ุฃูุฑููุช,,"ุดููู ููู #ุงูุฃุฑุฏู ุงูุฃููุฑ #ุญูุฒุฉ_ุจู_ุงูุญุณูู ูุนูู ุชุฎููู ุนู ููุจ ""ุงูุฃููุฑ"" #ุฃูุฑููุช #ุนุงุฌู  https://t.co/N12g3v32oJ",ar,[],[],['https://pbs.twimg.com/media/FPbSuuRX0AgIoVS.jpg'],10,4,69,"['ุงูุฃุฑุฏู', 'ุญูุฒุฉ_ุจู_ุงูุญุณูู', 'ุฃูุฑููุช', 'ุนุงุฌู']",[],https://twitter.com/OrientNews/status/1510626427623944198,False,,1,https://pbs.twimg.com/media/FPbSuuRX0AgIoVS.jpg,,,,,,,[],,,,
1510625827217674243,1510625827217674243,2022-04-03 17:30:37 EEST,2022-04-03,17:30:37,+0300,742854332547272704,1orobah,ุนุฑูุจู ูุญูู ุงูุฎูุงูุฏู,,ุงูุฃููุฑ ุญูุฒุฉ ูุชุฎูู ุนู ููุจ ุฃููุฑ ...  ูููุชูู ุจููุจ ุญุจูุจูุง  https://t.co/pEE44Ke7si,ar,[],[],['https://pbs.twimg.com/media/FPbSLzFXoA0dDcy.jpg'],6,5,81,[],[],https://twitter.com/1orobah/status/1510625827217674243,False,,1,https://pbs.twimg.com/media/FPbSLzFXoA0dDcy.jpg,,,,,,,[],,,,
1510625221446885382,1510625221446885382,2022-04-03 17:28:13 EEST,2022-04-03,17:28:13,+0300,2209424000,samykasmisky,โ๏ฎผุณุงูู โ๏ฎผูุงุณูู sami kasmi,,"ุดููู ููู ุงูุฃุฑุฏู ุงูุฃููุฑ ุญูุฒุฉ ุจู ุงูุญุณูู ูุนูู ุชุฎููู ุนู ููุจ ""ุงูุฃููุฑ"".  #ุงูุฃุฑุฏู ๐ฏ๐ด  https://t.co/4LPhlE0NsN",ar,[],[],['https://pbs.twimg.com/media/FPbRoSbWUAYB5uj.jpg'],6,2,129,['ุงูุฃุฑุฏู'],[],https://twitter.com/SamyKasmiSKY/status/1510625221446885382,False,,1,https://pbs.twimg.com/media/FPbRoSbWUAYB5uj.jpg,,,,,,,[],,,,
1510625137976086535,1510625137976086535,2022-04-03 17:27:53 EEST,2022-04-03,17:27:53,+0300,701177444,ksa24,ูุนุงูู / ููุฌุฒ ุงูุฃุฎุจุงุฑ ๐ธ๐ฆ,,ุงูุฃุฑุฏู .. ุงูุฃููุฑ ุญูุฒุฉ ุจู ุงูุญุณูู ูุชุฎูู ุนู ููุจ ุงูุฃููุฑ  https://t.co/ptAqHHeFdH,ar,[],[],['https://pbs.twimg.com/media/FPbRi-NX0AEdpup.jpg'],60,30,77,[],[],https://twitter.com/KSA24/status/1510625137976086535,False,,1,https://pbs.twimg.com/media/FPbRi-NX0AEdpup.jpg,,,,,,,[],,,,
1510624938255867914,1510624938255867914,2022-04-03 17:27:05 EEST,2022-04-03,17:27:05,+0300,1003348749287124994,mubaidinrashedd,Rashed,,ุณุชุจูู ุงูุฃุฑุฏูู ุงูุญุฑ ูู ูุฌุฏุงููุง ุฌููุนุงู  #ุงูุฃููุฑ_ุญูุฒุฉ_ุจู_ุงูุญุณูู  https://t.co/5CZS7CMMXd,ar,[],[],['https://pbs.twimg.com/media/FPbRX0JXsAQnHNd.jpg'],0,10,112,['ุงูุฃููุฑ_ุญูุฒุฉ_ุจู_ุงูุญุณูู'],[],https://twitter.com/mubaidinrashedd/status/1510624938255867914,False,,1,https://pbs.twimg.com/media/FPbRX0JXsAQnHNd.jpg,,,,,,,[],,,,
1510623619155640320,1510623619155640320,2022-04-03 17:21:51 EEST,2022-04-03,17:21:51,+0300,221181768,alrougui,ูุงูู ุงูุฑููู,,"ุงูุฃููุฑ #ุญูุฒุฉ_ุจู_ุงูุญุณูู ูุนูู ุชุฎููู ุนู ููุจ ""ุงูุฃููุฑ"" ูู ุจูุงู ุฑุณูู ูุจู ูููู .  https://t.co/8TqogpRVz5",ar,[],[],"['https://pbs.twimg.com/media/FPbQK3lXsAYsVqT.jpg', 'https://pbs.twimg.com/media/FPbQK3gXwAU_jFa.jpg']",39,57,159,['ุญูุฒุฉ_ุจู_ุงูุญุณูู'],[],https://twitter.com/alrougui/status/1510623619155640320,False,,1,https://pbs.twimg.com/media/FPbQK3lXsAYsVqT.jpg,,,,,,,[],,,,
1510622899392102402,1510622899392102402,2022-04-03 17:18:59 EEST,2022-04-03,17:18:59,+0300,148711787,alarabiya,ุงูุนุฑุจูุฉ,,#ุงูุฃุฑุฏู.. ุงูุฃููุฑ ุญูุฒุฉ ูุชุฎูู ุนู ููุจู   #ุงูุนุฑุจูุฉ  https://t.co/lFPRfYicc7,ar,[],[],['https://pbs.twimg.com/media/FPbPhTEXMAAVA7H.jpg'],50,40,268,"['ุงูุฃุฑุฏู', 'ุงูุนุฑุจูุฉ']",[],https://twitter.com/AlArabiya/status/1510622899392102402,False,,1,https://pbs.twimg.com/media/FPbPhTEXMAAVA7H.jpg,,,,,,,[],,,,
1510622679526686725,1510622679526686725,2022-04-03 17:18:07 EEST,2022-04-03,17:18:07,+0300,1429696620640317444,akbaralhurub,ุฃุฎุจุงุฑ ุงููุฒุงุนุงุช ูุงูุญุฑูุจ,,ูููู ุงูุนูุฏ ุงูุฃุฑุฏูู ุงูุณุงุจู ุงูุฃููุฑ ุญูุฒุฉ ุจู ุงูุญุณูู ูุนูู ุนู ุชุฎูููู ุนู ููุจ ุงูุฃููุฑ.   ูุฑุงุฑ ุงูุฃููุฑ ุฌุงุก ุนูู ุฎูููุฉ ุตุฑุงุน ุจููู ูุจูู ุงูููู ุงูุฃุฑุฏูู ุงูุญุงูู ุงูููู ุนุจุฏุงูููุ ุงุฐ ุงุชูู ุงูุฃููุฑ ุงููุธุงู ุงูุญุงูู ุจุงูุชุณุจุจ ูู ุงููุดู ูู ุงูุจูุฏ.,ar,[],[],[],4,34,501,[],[],https://twitter.com/akbaralhurub/status/1510622679526686725,False,,0,,,,,,,,[],,,,
1510622438345879552,1510622438345879552,2022-04-03 17:17:09 EEST,2022-04-03,17:17:09,+0300,1106283018795266049,alurdunyya,ุงูุฃุฑุฏููุฉ ูุช,,ุนุงุฌู/ุงูุฃููุฑ ุญูุฒุฉ ุจู ุงูุญุณูู ูุนูู ุนุจุฑ ุตูุญุชู ูู ุฃูู ุชุบุฑูุฏุฉ ูู ููุฐ ูุง ูุนุฑู ุจูุถูุฉ ุงููุชูุฉุ ุชุฎููู ุนู ููุจ ุงูุฃููุฑ  https://t.co/rwD7UBls2V,ar,[],[],['https://pbs.twimg.com/media/FPbPGfvXsAETe5X.jpg'],114,110,891,[],[],https://twitter.com/alurdunyya/status/1510622438345879552,False,,1,https://pbs.twimg.com/media/FPbPGfvXsAETe5X.jpg,,,,,,,[],,,,
1510622372331675649,1510622372331675649,2022-04-03 17:16:54 EEST,2022-04-03,17:16:54,+0300,527716174,fahddeepaji1,ููุฏ ุฏูุจุงุฌู,,"๐ุนุงุฌู : ุงูุฃููุฑ ุญูุฒุฉ ุจู ุงูุญุณูู ูุนูู ุชุฎููู ุนู ููุจ ""ุงูุฃููุฑ",ar,[],[],[],15,29,91,[],[],https://twitter.com/fahddeepaji1/status/1510622372331675649,False,,0,,,,,,,,[],,,,
1510622349141360640,1510622349141360640,2022-04-03 17:16:48 EEST,2022-04-03,17:16:48,+0300,23573083,alarabiya_brk,ุงูุนุฑุจูุฉ ุนุงุฌู,,ุงูุฃุฑุฏู.. ุงูุฃููุฑ ุญูุฒุฉ ูุชุฎูู ุนู ููุจู #ุงูุนุฑุจูุฉ_ุนุงุฌู  https://t.co/a1vIGVFnOW,ar,[],['https://www.alarabiya.net'],[],17,30,90,['ุงูุนุฑุจูุฉ_ุนุงุฌู'],[],https://twitter.com/AlArabiya_Brk/status/1510622349141360640,False,,0,,,,,,,,[],,,,
1510622348529090565,1510622348529090565,2022-04-03 17:16:48 EEST,2022-04-03,17:16:48,+0300,1285618608299745281,us_world1,ุงูุฃุญุฏุงุซ ุงูุฃูุฑูููุฉ๐บ๐ธ,,"ุดููู ููู ุงูุฃุฑุฏู ุงูุฃููุฑ ุญูุฒุฉ ุจู ุงูุญุณูู ูุนูู ุชุฎููู ุนู ููุจ ""ุงูุฃููุฑ""",ar,[],[],[],115,165,1573,[],[],https://twitter.com/US_World1/status/1510622348529090565,False,,0,,,,,,,,[],,,,
1510621881354887172,1510621881354887172,2022-04-03 17:14:57 EEST,2022-04-03,17:14:57,+0300,1311224065890410496,hanzpal2,Hanzala,,ุงูุฃููุฑ ุญูุฒุฉ ูุชุฎูู ุนู ููุจ ุงูุฃููุฑ ุจุฑุณุงูุฉ ุฑุณููุฉ ููู.  ุตุงุฑ ููุงุทู ุนุงุฏูุ  https://t.co/jmNDXZYtRU,ar,[],[],['https://pbs.twimg.com/media/FPbOmGYXwAEKNIR.jpg'],28,8,124,[],[],https://twitter.com/Hanzpal2/status/1510621881354887172,False,,1,https://pbs.twimg.com/media/FPbOmGYXwAEKNIR.jpg,,,,,,,[],,,,
1510621371964997634,1510621371964997634,2022-04-03 17:12:55 EEST,2022-04-03,17:12:55,+0300,243368411,ajabreaking,ุงูุฌุฒูุฑุฉ - ุนุงุฌู,,ุนุงุฌู | ุงูุฃููุฑ ุญูุฒุฉ ุจู ุงูุญุณูู ูุชุฎูู ุนู ููุจ ุงูุฃููุฑ ูู ุฑุณุงูุฉ ูุดุฑูุง ูู ุตูุญุชู ุนูู ุชููุชุฑ,ar,[],[],[],14,16,107,[],[],https://twitter.com/AJABreaking/status/1510621371964997634,False,,0,,,,,,,,[],,,,
1510621322187100169,1510621322187100169,2022-04-03 17:12:43 EEST,2022-04-03,17:12:43,+0300,1175478326967853059,generalinspect2,General Inspector,,"#ุนุงุฌู ุงูุฃููุฑ ุญูุฒุฉ ุจู ุงูุญุณูู ""ูุชูุงุฒู"" ุนู ุงูููุจ ุงูุฃููุฑู! #ุงูุฃุฑุฏู",ar,[],[],[],35,20,172,"['ุนุงุฌู', 'ุงูุฃุฑุฏู']",[],https://twitter.com/GeneralInspect2/status/1510621322187100169,False,https://twitter.com/HamzahHKJ/status/1510619201827917827,0,,,,,,,,[],,,,
1510620445510352908,1510620445510352908,2022-04-03 17:09:14 EEST,2022-04-03,17:09:14,+0300,869212133896192001,tala11997,Tala Nsour,,ุฃูุช ุงููุฑ ุงูุดุนุจ ุงูุงุฑุฏูู ู ุงููุฑ ูููุจูุง .. ููุง ุงู ููุจ ูู ุงูุนุงูู ููุซู ุดุฎุต ูููู ุงูุช ูุซูุช ูุฐุง ุงูููุจ ุจูุง ูุฑุถู ุงููู ู ูุฑุถู ุถููุฑู.. ุญูุธู ุงููู ุงุชููู ุงู ุชููู ุจุฎูุฑ ูุง ุญูุฑ ูุงุณูุฏ ุงูุฑุฌุงู  #ุงูุงููุฑ_ุญูุฒู @HamzahHKJ @QueenNoor,ar,"[{'screen_name': 'hamzahhkj', 'name': 'hamzah bin alhussein', 'id': '636418344'}, {'screen_name': 'queennoor', 'name': 'noor al hussein', 'id': '121887978'}]",[],[],9,31,279,['ุงูุงููุฑ_ุญูุฒู'],[],https://twitter.com/tala11997/status/1510620445510352908,False,https://twitter.com/HamzahHKJ/status/1510619201827917827,0,,,,,,,,[],,,,
1510367488525144070,1510367488525144070,2022-04-03 00:24:05 EEST,2022-04-03,00:24:05,+0300,1388625959193088001,shadw91447250,ุฃุฑุฏููุฉ,,ูฃ ููุณุงู ูขููขูก ูฃ ููุณุงู ูขููขูข ูุฑ ุนุงู .... ูููุงู ุงูุณุงู ุจุฑูุก ุญุฑ ุดุฑูู ุนุฒูุฒ ูุง ุฎุงู ููุง ุถู ููุง ุบูู ุจุงูุงูุฉ ุฌุจุฑูุฉ ูขูฆูฅ ููู ููู ูุฏูุน ุซูู ุงูู ูุงู ูููุฉ ุญู ูุฑูุถ ูุฑูุน ููุธูู ูุงูุงุชูุงู ูุงูุชุดููุฑ ุญูุงู ุงููู ูุง ุญุฑ ูุง ุญุจูุจ ุงูุดุนุจ ูุงููุฑ ุงููููุจ #ูุฑูุฏ_ุงูุงููุฑ_ุญูุฒุฉ_ุญุฑุข  #freeprincehamzah  #ูฃููุณุงู #ุงูุงููุฑ_ุญูุฒู  https://t.co/yQeTlZu5m4,ar,[],[],['https://pbs.twimg.com/media/FPXnOanX0AIilB7.jpg'],9,21,184,"['ูุฑูุฏ_ุงูุงููุฑ_ุญูุฒุฉ_ุญุฑุข', 'freeprincehamzah', 'ูฃููุณุงู', 'ุงูุงููุฑ_ุญูุฒู']",[],https://twitter.com/Shadw91447250/status/1510367488525144070,False,,1,https://pbs.twimg.com/media/FPXnOanX0AIilB7.jpg,,,,,,,[],,,,
1511031095768272903,1511031095768272903,2022-04-04 20:21:01 EEST,2022-04-04,20:21:01,+0300,955472385221779457,drsalsadoun,ุฏ.ุตุงูุญ ุงูุณุนุฏูู ุขู ุฑุงุดุฏ,,ุชูุงุฒู ุงูุญุณูู ุจู ุนุจุฏุงููู ุงูุซุงูู ุนู ุงูุนุฑุด ุนุงู ูขููขู. ุจุนุฏ ููุงุฉ ูุงูุฏู ุจููููุฏ.  ุญุงูู ุงูุฃููุฑ ุญูุฒุฉ ุจุนุฏ ุนููู ุจููุช ุงูููู ูุชูุงุฒู ููู ุงูุนูุฏ ุงูุชุณูู ุจุงูููุงุจ. ุชููู..  ุชูุงุฒูุช ุงูู ุนู ููุจู ุงูุฃููุฑู.  ุงูุจูุฏ ููุธุฑ ููุท ุจูุงู ุฑูู...,ar,[],[],[],21,22,127,[],[],https://twitter.com/drSAlsadoun/status/1511031095768272903,False,,0,,,,,,,,[],,,,
1511025652148977675,1511025652148977675,2022-04-04 19:59:23 EEST,2022-04-04,19:59:23,+0300,1244504089838436352,arabianknight33,๐ฏ๐ด๐๐ฏ๐ด ุงูุฑุฌูุจ,,ุงูููุงุก ูููุทู ูุง ูููู ุจุงุณุชุบูุงู ุงูููุจ ูุจุซ ุงููุชูุฉุ ูุงููุง ูููู ุจุญูุงูุฉ ุงูุนุฑุด ูู ุงููุณุงุณ ูุจุงุญุชุฑุงู ุฌูุดูุง ูุงูุชุฎุงุทุจ ุจุงุญุชุฑุงู ูุน ูุงุฆุฏูุ ุฃูุง ุงูููุงุก ูู ุนุงุฏุงุชูุง ุงูุนุฑุจูุฉ ุฏุงุฎู ุงูุฃุณุฑุฉ ูููู ุจุงุญุชุฑุงู ุงูุงุฎ ุงูุฃูุจุฑ ูุนุฏู ุงูุงุณุชููุงุก ุจุงูุฎุงุฑุฌ ุนููู ูููุง ูุงูุช ุฃุณุจุงุจ ุงูุฎูุงู.  #ุงููู_ุงููุทู_ุงูููู #ุงูุงููุฑ_ุญูุฒู  https://t.co/r7aLokkEm0,ar,[],[],['https://pbs.twimg.com/media/FPg90eCX0AM96wK.jpg'],17,7,57,"['ุงููู_ุงููุทู_ุงูููู', 'ุงูุงููุฑ_ุญูุฒู']",[],https://twitter.com/arabianknight33/status/1511025652148977675,False,,1,https://pbs.twimg.com/media/FPg90eCX0AM96wK.jpg,,,,,,,[],,,,
1511017444726485001,1511017444726485001,2022-04-04 19:26:46 EEST,2022-04-04,19:26:46,+0300,1249761786481573888,ahmadmilhem89,Ahmad Milhem,,ูููุฉ ุงูุชุนูููุงุช ู ุงู retweet ุชูุงุฑู ุจ ูููู ุ ุชุฑูุนู ุนู ููุจ ุงููุฑ ูุณุชุญู ูุงูู ููู ุบูุฑ ูุชูุฌ.  #ุงูุงููุฑ_ุญูุฒู  https://t.co/GOTVgYZBOT,ar,[],[],['https://pbs.twimg.com/media/FPg2Wg8XMAMkdU8.jpg'],5,6,65,['ุงูุงููุฑ_ุญูุฒู'],[],https://twitter.com/ahmadmilhem89/status/1511017444726485001,False,,1,https://pbs.twimg.com/media/FPg2Wg8XMAMkdU8.jpg,,,,,,,[],,,,
1510941932704440321,1510941932704440321,2022-04-04 14:26:43 EEST,2022-04-04,14:26:43,+0300,1132819850764673024,moh1majali,ูุญูุฏ ุงููุฌุงูู,,"ูู ุฃุญุฏ ุฅูุฌุงุฒุงุช ุงูุฃููุฑ ุญูุฒู ููู ุจุณุฃููู ุดู ุนูู  "" ุฎุตูุตุง ุงูู ุจุจุนุซ ุนูู ุงูุฎุงุต ""  ูู ุจุณุงุทุชู ูุนูููุชู ููุทููุชู ุฎูู ูู ุทุจูุงุช ุงูุดุนุจ ุงูุงุฑุฏูู ุชุญุจู โฆ  ุจุฏูู ุฅุนูุงู ููููุชุงุฌ ูุญุฑูุงุช ููุตุต ููุดูููโฆ  ููุงุถ ุงูุงูุฌุงุฒ ูุญุงูู ููุฑ ูุฌูุท ูุซูุฑ ูุงุณ ูู ุถูููู ุงูุช ููู ุจุชุณุฃู ..  ุฑูุถุงู ูุฑูู   #ุงูุงููุฑ_ุญูุฒู  https://t.co/I34HiAdLI6",ar,[],[],['https://pbs.twimg.com/media/FPfxrRqXMAUIo6S.jpg'],8,8,104,['ุงูุงููุฑ_ุญูุฒู'],[],https://twitter.com/moh1majali/status/1510941932704440321,False,,1,https://pbs.twimg.com/media/FPfxrRqXMAUIo6S.jpg,,,,,,,[],,,,
1510889688529358856,1510889688529358856,2022-04-04 10:59:07 EEST,2022-04-04,10:59:07,+0300,1254401304,hildaajelat1,Hilda Shafiq Ajeilat,,ูุง ุณูุนูุง ููุง ุดููุง ุฑุฏุฉ ูุนู ุงูุฅุนูุงู ุงููุญูู ุนูู ุฑุณุงูุฉ ุณูู #ุงูุงููุฑ_ุญูุฒู ููุฐู ุงููุญุธุฉุ!!     #ุณุคุงู #ุงูุงููุฑ_ุญูุฒุฉ #ุงูุฃุฑุฏู,ar,[],[],[],70,9,273,"['ุงูุงููุฑ_ุญูุฒู', 'ุณุคุงู', 'ุงูุงููุฑ_ุญูุฒุฉ', 'ุงูุฃุฑุฏู']",[],https://twitter.com/HILDAAJELAT1/status/1510889688529358856,False,,0,,,,,,,,[],,,,
1510888642461552641,1510888642461552641,2022-04-04 10:54:57 EEST,2022-04-04,10:54:57,+0300,2923535000,ajplusarabi,AJ+ ุนุฑุจู,,ููู ุงูุนูุฏ ุงูุฃุฑุฏูู ุงูุณุงุจู ุงูุฃููุฑ ุญูุฒุฉ ุจู ุงูุญุณูู ูู ุชุบุฑูุฏุฉ ูู ุนุจุฑ ุญุณุงุจู ุนูู ุชููุชุฑ ูุนูู ุชุฎููู ุนู ููุจ ุงูุฃููุฑ ูุงู ูููุง ุฅูู ูุฏ ุชุฎูู ุนู ููุจู ูุจุฃู ูุฑุงุฑู ูุงู ุจุณุจุจ ุนุฏู ุชูุงูู ููุงุนุงุชู ุงูุดุฎุตูุฉ ูุน ููุฌ ูุชูุฌูุงุช ูุคุณุณุงุช ุงูุฏููุฉ ุงูุญุฏูุซุฉ.  https://t.co/nUfU3yITbC,ar,[],[],['https://pbs.twimg.com/media/FPfBFO7WYAMpHil.jpg'],3,6,117,[],[],https://twitter.com/ajplusarabi/status/1510888642461552641,False,,1,https://pbs.twimg.com/media/FPfBFO7WYAMpHil.jpg,,,,,,,[],,,,
1510849152946737158,1510849152946737158,2022-04-04 08:18:02 EEST,2022-04-04,08:18:02,+0300,1388625959193088001,shadw91447250,ุฃุฑุฏููุฉ,,ุฑูุฒูุง ุจุตูุงุบุฉ ุงูุฑุณุงูุชูู ุงูุงููู ุฑุณุงูุฉ ุงูููู ุญุณูู ููุฑุฉ ุนููู ุญูุฒุฉ ูุงูุชุงููุฉ ุฑุณุงูุฉ ุงูุงููุฑ ุญูุฒุฉ ุงูุจุงุฑุญ ููุณ ุงูููุงู ูุงูุตูุบุฉ ุจุงูุถุจุท ุญูู ุงููู ุงูุงุฑุฏูู ุงูุญุฑ ุงุจู ุงุจูู #ุงูุงููุฑ_ุญูุฒู  #ุงููุฑ_ุงููููุจ  https://t.co/7Z3N0VdlxJ,ar,[],[],['https://pbs.twimg.com/media/FPedTAxWUAMgRwQ.jpg'],0,10,86,"['ุงูุงููุฑ_ุญูุฒู', 'ุงููุฑ_ุงููููุจ']",[],https://twitter.com/Shadw91447250/status/1510849152946737158,False,,1,https://pbs.twimg.com/media/FPedTAxWUAMgRwQ.jpg,,,,,,,[],,,,
1510839680631287813,1510839680631287813,2022-04-04 07:40:24 EEST,2022-04-04,07:40:24,+0300,1388625959193088001,shadw91447250,ุฃุฑุฏููุฉ,,"ุงูุณูุฏ ูุงูู ุฏุญูุงู ุงููุญุงูู ุงูุฎุงุต ุจุงูุงููุฑ ุญูุฒุฉ ููุดุฑ ูุงู ุงูุตูุฑุฉ ูุนูุจุงู "" ุณูุงุฏุฉ ุงูุดุฑูู ุญูุฒุฉ ุจู ุงูุญุณูู ูููููุฏู ูุญูุฏ ุจู ุญูุฒุฉ "" #ุงูุงููุฑ_ุญูุฒู  #ุงููุฑ_ุงููููุจ  #ุญูุฒุฉ_ุจู_ุงูุญุณูู  https://t.co/6QjUygdWyQ",ar,[],[],['https://pbs.twimg.com/media/FPeUrqSX0AUpltJ.jpg'],20,34,323,"['ุงูุงููุฑ_ุญูุฒู', 'ุงููุฑ_ุงููููุจ', 'ุญูุฒุฉ_ุจู_ุงูุญุณูู']",[],https://twitter.com/Shadw91447250/status/1510839680631287813,False,,1,https://pbs.twimg.com/media/FPeUrqSX0AUpltJ.jpg,,,,,,,[],,,,
1510823086668627972,1510823086668627972,2022-04-04 06:34:28 EEST,2022-04-04,06:34:28,+0300,1388625959193088001,shadw91447250,ุฃุฑุฏููุฉ,,ุงูุงุฑุฏูู ุงูุญุฑ ุญูุฒุฉ ุจู ุงูุญุณูู ูุงุจูู ุงูููููุฏ ุญุฏูุซุงู ูุญูุฏ #ุงูุงููุฑ_ุญูุฒู  #ุงููุฑ_ุงููููุจ  https://t.co/TKkfUtcxpq,ar,[],[],['https://pbs.twimg.com/media/FPeFls6WYAMBwMz.jpg'],3,12,158,"['ุงูุงููุฑ_ุญูุฒู', 'ุงููุฑ_ุงููููุจ']",[],https://twitter.com/Shadw91447250/status/1510823086668627972,False,,1,https://pbs.twimg.com/media/FPeFls6WYAMBwMz.jpg,,,,,,,[],,,,
1510761599052693505,1510761599052693505,2022-04-04 02:30:08 EEST,2022-04-04,02:30:08,+0300,497788324,aa_arabic,ANADOLU AGENCY (AR),,"ุชุตูุฏุฑ ูุณู ""#ุงูุงููุฑ_ุญูุฒู"" ูุงุฆูุฉ ุงูุฃูุซุฑ ุชุฏุงููุง ุนูู ""ุชููุชุฑ"" ูู #ุงูุฃุฑุฏู ุจุนุฏ ุณุงุนุงุช ูู ุชุฎููู ุนู ููุจู (ุงูุฃููุฑ)    https://t.co/LgE6vELSiJ  https://t.co/ihRWqa8ouq",ar,[],['http://v.aa.com.tr/2554193'],['https://pbs.twimg.com/media/FPdNqxFXwAU9Pqq.jpg'],2,6,70,"['ุงูุงููุฑ_ุญูุฒู', 'ุงูุฃุฑุฏู']",[],https://twitter.com/aa_arabic/status/1510761599052693505,False,,1,https://pbs.twimg.com/media/FPdNqxFXwAU9Pqq.jpg,,,,,,,[],,,,
1510760810192252936,1510760810192252936,2022-04-04 02:27:00 EEST,2022-04-04,02:27:00,+0300,1482481391703142405,leenhadaden,ููู ุงูุญุฏุงุฏูู ๐ฏ๐ด,,ุงูุฃููุฑ ุญูุฒู ุฃุฑุฏูู ุดู ุฏุฎู ุงูุฏูู ุงูุชุงููู ููู ููุงุนุฏูู ุจุญูู ุนูู ูู ูุงุญุฏ ููุชูู ุจุฏููุชู ุจููู ุงุญุณู ูุงุฏ ุงูู ุถู ๐คฃ,ar,[],[],[],12,1,59,[],[],https://twitter.com/leenhadaden/status/1510760810192252936,False,,0,,,,,,,,[],,,,
1510757612727508992,1510757612727508992,2022-04-04 02:14:18 EEST,2022-04-04,02:14:18,+0300,865751616,sharkawiahmed,ุฃุญูุฏ ุญุณู ุงูุดุฑูุงูู,,ุงูุฃุณุจุงุจ ุงูุญููููุฉ ูุชุฎูู ุงูุฃููุฑ ุญูุฒุฉ ุจู ุงูุญุณูู ุนู ููุจู ุงููููู.. ููุง ูู ุฃุตู ุงูุญูุงูุฉ ! ูุนูู ูู ุญุงูุ ูุฅู ุงูุชุฎูู ุนู ููุจ โุฃููุฑโ ููุซู ุณุงุจูุฉ ูู ุชุณุฌู ูู ูุจู ูู ุงูุนุงุฆูุฉ ุงููุงููุฉ ุงูุฃุฑุฏููุฉ. ููููุง ุชุนูู ุฃู ุงููุฑุตุฉ ูุฏ ุชููู ูุชุงุญุฉ ูุจุฑูุงูุฌ ูุณูุญ ูุญูุฒุฉ ุจู ุงูุญุณูู ุจูโูุบุงุฏุฑุฉ ุงูุจูุงุฏโ ููุฅูุงูุฉ ูู ุงูุฎุงุฑุฌ.,ar,[],[],[],2,10,102,[],[],https://twitter.com/sharkawiahmed/status/1510757612727508992,False,,0,,,,,,,,[],,,,
1510754020293443585,1510754020293443585,2022-04-04 02:00:01 EEST,2022-04-04,02:00:01,+0300,5536782,ajarabic,ููุงุฉ ุงูุฌุฒูุฑุฉ,,ุงูุฃููุฑ ุญูุฒุฉ ุจู ุงูุญุณูู ูุชุฎูู ุนู ููุจู ููููู ุฅู ููุงุนุงุชู ูู ุชุนุฏ ุชุชูุงุดู ูุน ุงูุฃุณุงููุจ ุงูุญุฏูุซุฉ ููุคุณุณุงุช ุงูุฏููุฉ ุงูุฃุฑุฏููุฉ  https://t.co/UCOp7MekNr,ar,[],[],['https://pbs.twimg.com/media/FPci_Q0XwAAfDzz.jpg'],126,85,1429,[],[],https://twitter.com/AJArabic/status/1510754020293443585,False,,1,https://pbs.twimg.com/media/FPci_Q0XwAAfDzz.jpg,,,,,,,[],,,,
1510749129969967110,1510749129969967110,2022-04-04 01:40:35 EEST,2022-04-04,01:40:35,+0300,1388625959193088001,shadw91447250,ุฃุฑุฏููุฉ,,ุจุนุช ูุง ุญูุฒุฉ ุนุงูู ุงูููุงู ูุงูุงููุงุจ ููุญู ุงุดุชุฑููุง ูุง ููู ูู ููุงุก ูุชูุฌูุงู ุงููุฑ ุงููุฑุงูุฉ ูุงูุดูุงูุฉ ูุงูุญุฑูุฉุ ุดุฑูุชูุง ูุง ุญูุฒุฉ ูุงูุช ุฏููุง ูุฎุฑูุง ูููุจุชูุงุ ุฏูุช ุจุฎูุฑ ูุง ุฌุจููุง ุงูุดุงูุฎุ ูุฏูุช ุงูุญุฑ ุงูุงุตูู ูููู ุงูุนูุฏ ุตุงุฏู ุงููููู ุงููุคูู ุจุงููู ุงููููุถ ูู ุงูุงูุฑ ููู  ุงููุฑ ุงููููุจ #ุงูุงููุฑ_ุญูุฒู  #ุงููุฑ_ุงููููุจ  https://t.co/ebi6H3A0Kx,ar,[],[],['https://pbs.twimg.com/media/FPdCU6DWQAMUqi6.jpg'],1,9,66,"['ุงูุงููุฑ_ุญูุฒู', 'ุงููุฑ_ุงููููุจ']",[],https://twitter.com/Shadw91447250/status/1510749129969967110,False,,1,https://pbs.twimg.com/media/FPdCU6DWQAMUqi6.jpg,,,,,,,[],,,,
1510729082715131905,1510729082715131905,2022-04-04 00:20:55 EEST,2022-04-04,00:20:55,+0300,1508511509177118724,oalhmaidhe,Orob Alhmaidhe,,ููู ุดุฎุต ุจูุญุจ ุงูุงููุฑ ุญูุฒู ุงุญูุง ูุงุฒู ุงูุฑุจู ุงูุงุนูุงููู ุฏููุง ุงูุฒูุชู ููู ุจุชููู ุจูุงูุงููุฑ ุงููุดูู ููู ุจูุณุงูู ุงูุญุจ ูุงูุงุญุชุฑุงู ูุงูุชูุฏูุฑ ูุงุฒู ูุนูู ุงููุงุฌููุง ุงููุชุฑูููุง ููุงุฑูุช ูู ุงููุง ูุฑูุจู ููุงู ูุณูุชูุง ูู ุดุนุฑูุง ูุฑุฒูุชูุง ุจุณ ุจุณุจุจ ุงูุนุฏ ูุงููุฌูู ุงููุชุฑููู ุฑุงุญ ุงูููู  ุงูููุงู ููู ูุญุจูู ุงูุงููุฑ ุญูุฒู  https://t.co/FRJU3CVC4J,ar,[],[],['https://pbs.twimg.com/media/FPcwGCKXEAEREYP.jpg'],95,29,255,[],[],https://twitter.com/OAlhmaidhe/status/1510729082715131905,False,,1,https://pbs.twimg.com/media/FPcwGCKXEAEREYP.jpg,,,,,,,[],,,,
1510728138644406276,1510728138644406276,2022-04-04 00:17:10 EEST,2022-04-04,00:17:10,+0300,531103519,tangelasubterra,ุงูุญุฏุงุฏ AlHaddad,,โฌ๏ธุณููู5 ุจูุงุณุชูุดูSONY  ๐ูููู ูุญุฏูุฏุฉ๐  โุงูุจูุน ุจุฃุณุนุงุฑ ููุงูุณู  โ๏ธุฌููุนูุง ุฌุฏูุฏู ุจุชุบููููุง ูุถูุงููุงุณูุชูู  ๐ูุทูุจ ูุงุชุณุงุจ ูู ุงูุจุงูู๐ฉ  ููุญุฌุฒ ุงู ุงูุทูุจ ุนู ุทุฑูู ุงููุชุฌุฑ ูุงููุงุชุณ  #ุงูููุงู #ููุด_ุตุงูุญ #ุจุงุฑุชูู_ุงูุณุฑู #ุงูุงููุฑ_ุญูุฒู  https://t.co/GpT9Rb6UHH,ar,[],[],['https://pbs.twimg.com/media/FPcvPCcXsAc-Agc.jpg'],0,912,461,"['ุงูููุงู', 'ููุด_ุตุงูุญ', 'ุจุงุฑุชูู_ุงูุณุฑู', 'ุงูุงููุฑ_ุญูุฒู']",[],https://twitter.com/Tangelasubterra/status/1510728138644406276,False,,1,https://pbs.twimg.com/media/FPcvPCcXsAc-Agc.jpg,,,,,,,[],,,,
1510722177099878407,1510722177099878407,2022-04-03 23:53:29 EEST,2022-04-03,23:53:29,+0300,1483790868100399108,kholoud85528666,Kholoud,,ุงููุง ุจุฒุนูู ุงูุฃุญุฑุงุฑ ูู ุตู ุงูุดุนุจ  #ุงูุงููุฑ_ุญูุฒู  https://t.co/qJvWEc9NB9,ar,[],[],['https://pbs.twimg.com/media/FPcp0D8XIAwgmCM.jpg'],1,8,113,['ุงูุงููุฑ_ุญูุฒู'],[],https://twitter.com/Kholoud85528666/status/1510722177099878407,False,,1,https://pbs.twimg.com/media/FPcp0D8XIAwgmCM.jpg,,,,,,,[],,,,
1510709638953680900,1510709638953680900,2022-04-03 23:03:40 EEST,2022-04-03,23:03:40,+0300,136696662,sameer_alnamri,ุณููุฑ ุงูููุฑู Sameer Alnamri,,ุฃุนูู ุงูุฃููุฑ #ุญูุฒุฉ_ุจู_ุงูุญุณูู ุงูุฃุฎ ุบูุฑ ุงูุดููู ูููู #ุงูุฃุฑุฏู ุชุฎููู ุนู ููุจ ุงูุฃููุฑุ ููุถุญุงู ูู ุฑุณุงูุฉ ูุดุฑูุง ุนูู ุญุณุงุจู ูู ุชููุชุฑ ุฃู ููุงุนุงุชู ูุง ุชุชูุงุดู ูุน ุงูููุฌ ูุงูุชูุฌูุงุช ูุงูุฃุณุงููุจ ุงูุญุฏูุซุฉ ูู ูุคุณุณุงุช ุงูููููุฉ.  https://t.co/Df1ChCQrvI,ar,[],[],['https://pbs.twimg.com/media/FPceZ6GXwAQH44e.jpg'],2,4,72,"['ุญูุฒุฉ_ุจู_ุงูุญุณูู', 'ุงูุฃุฑุฏู']",[],https://twitter.com/sameer_alnamri/status/1510709638953680900,False,,1,https://pbs.twimg.com/media/FPceZ6GXwAQH44e.jpg,,,,,,,[],,,,
1510709085389623297,1510709085389623297,2022-04-03 23:01:28 EEST,2022-04-03,23:01:28,+0300,497788324,aa_arabic,ANADOLU AGENCY (AR),,"ุฃุนูู ""ุงูุฃููุฑ"" #ุญูุฒุฉ_ุจู_ุงูุญุณููุ ุงูุฃุฎ ุบูุฑ ุงูุดููู ูููู #ุงูุฃุฑุฏูุ ุชุฎููู ุนู ููุจ ุฃููุฑุ ูุนุชุจุฑุง ุฃู ููุงุนุงุชู ูุง ุชุชูุงุดู ูุน ""ุงูููุฌ ูุงูุชูุฌูุงุช ูุงูุฃุณุงููุจ ุงูุญุฏูุซุฉ"" ูู ูุคุณุณุงุช ุงูููููุฉ.   https://t.co/PzBGh3NUHF  https://t.co/6cbB69f4lG",ar,[],['http://v.aa.com.tr/2554094'],['https://pbs.twimg.com/media/FPcd6AmWYAA7kth.jpg'],6,5,75,"['ุญูุฒุฉ_ุจู_ุงูุญุณูู', 'ุงูุฃุฑุฏู']",[],https://twitter.com/aa_arabic/status/1510709085389623297,False,,1,https://pbs.twimg.com/media/FPcd6AmWYAA7kth.jpg,,,,,,,[],,,,
1510699561840427009,1510699561840427009,2022-04-03 22:23:37 EEST,2022-04-03,22:23:37,+0300,1470815047328874497,mohammed772021,ุงูุฎุตุงููุฉ ๐ฏ๐ดโค๏ธ,,ุงูุฃููุฑ ุญูุฒุฉ ุจุชุดุนุฑ ู ูุงูู ุงุฑุฏูู ุฌุฏุงุ ุจุญุจู ููุงุฑุฏู ุจููุงูุญ ูุฌูู ุจุดูุงุบู ู ุนูุงูู ู ุญุชู ุจุตูุชูุ ูููู ูููู ูุง ุงูู ุฎุจุฒ ุจูุงูุจูุฏ ูุงูู ูุงูุจูุฏ ูููู ุงูุง ููุง ูู ุฃุฑุฏููุ ูุฒุฑุนู ู ุจุจูุนููุง ู ุจุดุชุฑููุง ู ุจุชุงุฌุฑูุง ูููุงุ ุชุฎูู ุงูุฃููุฑ ุญูุฒู ุนู ููุจ ุงูุฃููุฑ ุฑุณุงูู ูุงุถุญูุ ุนูููุง ุฏูุช ูู ูููุจูุง ุงููุฑุง ูุง ุฎูุฑ ุงูุงูุฑุงุก๐ฏ๐ด,ar,[],[],[],2,5,58,[],[],https://twitter.com/Mohammed772021/status/1510699561840427009,False,,0,,,,,,,,[],,,,
1510694888815407117,1510619201827917827,2022-04-03 22:05:03 EEST,2022-04-03,22:05:03,+0300,1216458190243745795,halazalabbadi1,Hala Al abbadi ๐ฏ๐ด๐ ููุง ุงูุนุจุงุฏู,,@HamzahHKJ ุฃููุฑูุง ูุฃููุฑ ูููุจูุง . #ุงูุงููุฑ_ุญูุฒู_ุงููุฑ_ูููุจูุง  ๐๐๐ป  https://t.co/T6oFzepDLg,ar,[],[],[],7,13,116,['ุงูุงููุฑ_ุญูุฒู_ุงููุฑ_ูููุจูุง'],[],https://twitter.com/HalaZAlabbadi1/status/1510694888815407117,False,,1,https://pbs.twimg.com/ext_tw_video_thumb/1510694848306761731/pu/img/yVx8kRSN6q574qHO.jpg,,,,,,,"[{'screen_name': 'HamzahHKJ', 'name': 'Hamzah bin AlHussein', 'id': '636418344'}]",,,,
1510689475940204551,1510689475940204551,2022-04-03 21:43:32 EEST,2022-04-03,21:43:32,+0300,6135542,dw_arabic,DW ุนุฑุจูุฉ,,"ุจุนุฏ ุญูุงูู ุนุงู ูู ุงุชูุงูู ุจุงููุดุงุฑูุฉ ูู ูุฎุทุทุงุช ูุฏููุง ุฒุนุฒุนุฉ ุฃูู #ุงูุฃุฑุฏู ููุธุงู ุงูุญูู ูููุ #ุงูุฃููุฑ_ุญูุฒุฉ ุจู ุงูุญุณูู ูุนูู ุชุฎููู ุนู ููุจ ""ุฃููุฑ""..   https://t.co/R90nDp6Zex",ar,[],['https://p.dw.com/p/49PE6'],[],13,18,145,"['ุงูุฃุฑุฏู', 'ุงูุฃููุฑ_ุญูุฒุฉ']",[],https://twitter.com/dw_arabic/status/1510689475940204551,False,,0,,,,,,,,[],,,,
1510688056789057541,1510688056789057541,2022-04-03 21:37:54 EEST,2022-04-03,21:37:54,+0300,297952936,om_yousuf011,R๐๐ฐ๐ฅ๐ | ุฑุดุง,,ุงููุฑุฉ ุงููุงุถูุฉ ุงูุฅุนูุงู ููู ูุฏ ูุง ููู ูุต ุฑุณุงูุฉ ุงูุฅุนุชุฐุงุฑ ูุงูุฎุจุฑ!! ุงูููู ูููููุ!! #ุงูุงููุฑ_ุญูุฒู,ar,[],[],[],10,3,56,['ุงูุงููุฑ_ุญูุฒู'],[],https://twitter.com/om_yousuf011/status/1510688056789057541,False,,0,,,,,,,,[],,,,
1510681200834359304,1510681200834359304,2022-04-03 21:10:40 EEST,2022-04-03,21:10:40,+0300,1249761786481573888,ahmadmilhem89,Ahmad Milhem,,ุงููุฑ ูุชูุงุฒู ุนู ุงููุฑูุชู ู ุงูููุชู ู ุงุญููุชู โฆ ุฎุฐููุง ูู ููุธูุฑ ุงุฎุฑ ุ ุชุฎููู ุงูุนุตุงุจู ุงูุชู ูุญุงุฑุจูุง ุ  #ุงูุงููุฑ_ุญูุฒู,ar,[],[],[],2,3,58,['ุงูุงููุฑ_ุญูุฒู'],[],https://twitter.com/ahmadmilhem89/status/1510681200834359304,False,,0,,,,,,,,[],,,,
1510677932544569350,1510677932544569350,2022-04-03 20:57:40 EEST,2022-04-03,20:57:40,+0300,1508372483820429314,nadiaesam22,Nadia esam ๐ฏ๐ด,,ูุงูููุจ ุดู ูููุฏ ุจุฏูู ูุญุจู. ูุญุจุฉ ุงููุงุณ ุงูู ูู ููููู ููุจ. ูุงูุช ุฃููุฑ ุจุนูููุง ููููุจูุง. ุญูุงู ุงููู #ุงูุงููุฑ_ุญูุฒู  https://t.co/kvWTwriHMr,ar,[],[],['https://pbs.twimg.com/media/FPcBkhGXsAQdf8z.jpg'],2,13,92,['ุงูุงููุฑ_ุญูุฒู'],[],https://twitter.com/Nadiaesam22/status/1510677932544569350,False,,1,https://pbs.twimg.com/media/FPcBkhGXsAQdf8z.jpg,,,,,,,[],,,,
1510677594252918789,1510677594252918789,2022-04-03 20:56:20 EEST,2022-04-03,20:56:20,+0300,1041090265761685504,lolomajali47,ูููุณ ูุญูุฏ ุงููุฌุงูู๐ฏ๐ด,,""" ุฃูุง ุฃุฑุฏูู ุญูุฑ ุฅุจู ุฃุจูู.""    #ุงูุงููุฑ_ุญูุฒู  https://t.co/AsE4rlGc7b",ar,[],[],[],2,7,71,['ุงูุงููุฑ_ุญูุฒู'],[],https://twitter.com/lolomajali47/status/1510677594252918789,False,,1,https://pbs.twimg.com/ext_tw_video_thumb/1510677103980732420/pu/img/Y2kCsNcBIBwkDNCh.jpg,,,,,,,[],,,,
1510675482056044548,1510675482056044548,2022-04-03 20:47:56 EEST,2022-04-03,20:47:56,+0300,1396897426066362373,bughanim73_q,ุจูุบุงูู,,ุงูุงููุฑ ุญูุฒู ุงุจู ุงูุญุณูู   ุชุฎูู ุนู ููุจ ููุณุจ ุงูุดุนุจ ..,ar,[],[],[],27,54,298,[],[],https://twitter.com/bughanim73_q/status/1510675482056044548,False,,0,,,,,,,,[],,,,
1510670734321934343,1510670734321934343,2022-04-03 20:29:04 EEST,2022-04-03,20:29:04,+0300,3184011456,basilrafayeh,ุจุงุณู ุฑูุงูุนุฉ Basil Alrafaih,,ุฃููุงู ูุณููุงู ุจุงูููุงุทู ุงูุฃุฑุฏูู ุญูุฒุฉ ุจู ุงูุญุณููุ ููุฏ ุงุฎุชุงุฑู ููุจููุ ูุง ููุจูู. ุงูููุงุทูุฉู ุญูููุฉ. ูุงูุฅูุงุฑุฉู ูุฌุงุฒุ ููู ุฃุญุณู ุฃุญูุงููุง ูููููุฑู ุงูุฏุซุฑู ูููุฏุซุฑูุ ููุง ุนููููุ ูุฎูุฐู ูููู ูู ูููููุฑู ุจูุงุฏูู ุงูุญูู: ุณูููููู ุจุนูููู ุณูุงู ุงูุฏูู ุนุฑููุงูุง ุณููููู ุจุนูููู ูุฎููู ุงูุฏูู ุจุญููุงูุง.  #ุงูุงููุฑ_ุญูุฒู,ar,[],[],[],24,89,690,['ุงูุงููุฑ_ุญูุฒู'],[],https://twitter.com/basilrafayeh/status/1510670734321934343,False,,0,,,,,,,,[],,,,
1510670413956853762,1510670413956853762,2022-04-03 20:27:48 EEST,2022-04-03,20:27:48,+0300,1178299700975472641,zaidalzreqat,ุฒูุฏ ุงูุฒุฑููุงุช ุงูุซูุงุจูุฉ ๐ฆโฆ๐ฏ๐ดโฉ,,ุณุชุจูู ุงููุฑูุง ูุณุชุจูู ุฑูุญ ุงููุทู ูุณุชุจูู ูู ูููุจูุง. #ุงูุงููุฑ_ุญูุฒู  ูู ุนุงู ูุงูุช ุฃููุฑูุง ููุงุฆุฏูุง ุณูู ุงูุฃููุฑ ุญูุฒุฉ ุจู ุงูุญุณูู.  https://t.co/QK8mVPLL2h,ar,[],[],[],2,11,89,['ุงูุงููุฑ_ุญูุฒู'],[],https://twitter.com/zaidalzreqat/status/1510670413956853762,False,,1,https://pbs.twimg.com/ext_tw_video_thumb/1510670376824623104/pu/img/Xpl7Wl75eHAbt07L.jpg,,,,,,,[],,,,
1510669261433364481,1510669261433364481,2022-04-03 20:23:13 EEST,2022-04-03,20:23:13,+0300,1489606538817937411,yws7_,ูุญูุฏ,,ุงูุญูุฑ ุญูุฑ ูุฅู ุฌุงุฑ ุจูู ุงูุฒูุงู ุณุชุจูู ุฃููุฑ ุงููููุจ  #ุงูุงููุฑ_ุญูุฒู ๐ฏ๐ด  https://t.co/b8VoESFzha,ar,[],[],"['https://pbs.twimg.com/media/FPb5qbSXIAAhtfv.jpg', 'https://pbs.twimg.com/media/FPb5qbQWUAUjvOU.jpg']",0,8,75,['ุงูุงููุฑ_ุญูุฒู'],[],https://twitter.com/yws7_/status/1510669261433364481,False,,1,https://pbs.twimg.com/media/FPb5qbSXIAAhtfv.jpg,,,,,,,[],,,,
1510664004217286666,1510664004217286666,2022-04-03 20:02:20 EEST,2022-04-03,20:02:20,+0300,163471023,harasis2010,M.Harasis ยฆ ูุตุนุจ,,ุฌูุงุนุฉ ุงูุฃุฎุทุงุก ุงูุฅููุงุฆูุฉ ุงุฑุญูููุง ุดูู ุ ุน ุฃุณุงุณ ุฑุณุงูุฉ ุงูุงุนุชุฐุงุฑ ูุงูุช ุชุญูุฉ ูุบููุฉ!ุ ๐ #ุงูุงููุฑ_ุญูุฒู,ar,[],[],[],6,2,65,['ุงูุงููุฑ_ุญูุฒู'],[],https://twitter.com/harasis2010/status/1510664004217286666,False,,0,,,,,,,,[],,,,
1510661970311196675,1510619201827917827,2022-04-03 19:54:15 EEST,2022-04-03,19:54:15,+0300,1406660796780789767,jdt51261867,JT ๐ฆ๐ฏ๐ด๐ฆ,,@AlhadidTala @HamzahHKJ ููู ุชุฌุงูุฒุชู ุงูููุฉ ูุงูุญููุฉ ูุนุงูุชู ุญุชู ุงูุฎุณู ูุงูุฑุฏูู  ุงูุฑุณุงูุฉ ุชุฌุงูุฒุช ูู ุณูุงููุง ูู ูุนุงูู ุงูููุง ุงูุดุฌุงุนุฉ ูุงูุงูุงูุฉ ุงูุนูุฏ ูุงููุนุฏ ูุชุฌุฏุฏ ุจูุนุฉ ุงููุงุดูููู ููุงุฑุฏูููู  ุฒูุฒุงู ุงูู ูููุถู ุนูู ุงูุซูุงุจุช ุงูุชู ุบุฑุณุช ูู ุงููุฑ ุงููููุจ ูู ููู ุงููููุจ ููุง ุนูุฏูุง ุงูู ุฑุบู ุงูุงูู ูู ุงููุฑ ุจุญุฌู ุงููุทู #ุงูุงููุฑ_ุญูุฒู  https://t.co/C7Gjqvl5ao,ar,[],[],['https://pbs.twimg.com/media/FPbzDXFWUAYTOaM.jpg'],0,5,108,['ุงูุงููุฑ_ุญูุฒู'],[],https://twitter.com/JDT51261867/status/1510661970311196675,False,,1,https://pbs.twimg.com/media/FPbzDXFWUAYTOaM.jpg,,,,,,,"[{'screen_name': 'AlhadidTala', 'name': 'Tala Alhadid', 'id': '1121845269950234626'}, {'screen_name': 'HamzahHKJ', 'name': 'Hamzah bin AlHussein', 'id': '636418344'}]",,,,
1510660118408540164,1510660118408540164,2022-04-03 19:46:53 EEST,2022-04-03,19:46:53,+0300,937144965595058176,haetamnabil,ููุซู ูุจูู ุงูุนูุงุตุฑุฉ,,ูุง ูููุฉ ุงููุงุณ ุฅูุง ูู ูุจุงุฏุฆูู  ูุง ุงููุงูู ูุจูู ููุง ุงูุฃููุงุจู ูุงูุฑุชุจู  โง#ุงูุงููุฑ_ุญูุฒู  ๐ฏ๐ด๐ฏ๐ด,ar,[],[],[],0,4,54,['ุงูุงููุฑ_ุญูุฒู'],[],https://twitter.com/HaetamNabil/status/1510660118408540164,False,,0,,,,,,,,[],,,,
1510658590197141507,1510658590197141507,2022-04-03 19:40:49 EEST,2022-04-03,19:40:49,+0300,396288884,ali_reports,Ali Younes,,A letter from Prince Hamzah relinquishes in it his royal tile of โ princeโ due to his disagreement of how Jordan is being governed.Pledging in the meantime to remain faithful and loyal to #jordan and the people of Jordan . #princehamzah #ุงูุงููุฑ_ุญูุฒู  https://t.co/MrUoe2NZMS,en,[],[],['https://pbs.twimg.com/media/FPbv-sWWUAEvPQC.jpg'],9,10,63,"['jordan', 'princehamzah', 'ุงูุงููุฑ_ุญูุฒู']",[],https://twitter.com/Ali_reports/status/1510658590197141507,False,,1,https://pbs.twimg.com/media/FPbv-sWWUAEvPQC.jpg,,,,,,,[],,,,
1510656023874478081,1510656023874478081,2022-04-03 19:30:37 EEST,2022-04-03,19:30:37,+0300,163471023,harasis2010,M.Harasis ยฆ ูุตุนุจ,,"""ุณุจุญุงู ูู ูุถุน ูู ุงููุจูู ูู ูููุจ ุงูุจุดุฑ"" #ุงูุงููุฑ_ุญูุฒู โค๏ธ",ar,[],[],[],2,8,85,['ุงูุงููุฑ_ุญูุฒู'],[],https://twitter.com/harasis2010/status/1510656023874478081,False,https://twitter.com/HamzahHKJ/status/1510619201827917827,0,,,,,,,,[],,,,
1510652608297455624,1510652608297455624,2022-04-03 19:17:03 EEST,2022-04-03,19:17:03,+0300,879435346634821632,hamoda_j3,ูุญูุฏ ุงูุฎุฒุงุนูุฉ ๐โจ,,ุงูุถููุฑ ุงูุญูุฑ ูููุฏ ุฅูู ุฃูุซุฑ ูู ุฐูู ๐ ุณูุชุจูู ุฃููุฑ ุงููููุจ ุ ูุงูุญูุฑ ุฃุจู ุฃุจูู๐ค #ุงูุงููุฑ_ุญูุฒู  #ุงููุฑ_ุงููููุจ  https://t.co/up0LUmAyJz,ar,[],[],['https://pbs.twimg.com/media/FPbqiQzXsAUGhps.jpg'],1,10,91,"['ุงูุงููุฑ_ุญูุฒู', 'ุงููุฑ_ุงููููุจ']",[],https://twitter.com/Hamoda_j3/status/1510652608297455624,False,,1,https://pbs.twimg.com/media/FPbqiQzXsAUGhps.jpg,,,,,,,[],,,,
1510648425209073674,1510648425209073674,2022-04-03 19:00:25 EEST,2022-04-03,19:00:25,+0300,817832090448314368,ahmad_al_majali,Dr.Ahmad Al-Majali,,ูููู ุงูู ุตุงุญุจ ููุงุนุงุช ูุซูุงุจุช ุนููุช ุงููุณุงุก ุฃู ุชูุฏ ูู ุจุนุฏู ูู ูู ุงูุงูุงูู ูุงูููุฉ ูุงูุดุฌุงุนู ูู ุงูุชูุณู ุจูุง ูุงูุซุจุงุช ุนูููุง   ุงูุช ุงูุฌุฏูุฑ ุจุฃู ุชููู ุงููุฏูุฉ ููู ุดุงุจ ูุทูุญ ุจุงู ูุนูุด ุจููุจ ูุงุญุฏ ุฑุงุถู ุฑุจู ูุถููุฑู ูุฏููู    ูู ุงูุงุนุฌุงุจ ูุงููุฎุฑ ุณูุฏู ูุง ุญุฑ ูุง ุงุจู ุงูุญุณูู  #ุงูุงููุฑ_ุญูุฒู @HamzahHKJ @QueenNoor,ar,"[{'screen_name': 'hamzahhkj', 'name': 'hamzah bin alhussein', 'id': '636418344'}, {'screen_name': 'queennoor', 'name': 'noor al hussein', 'id': '121887978'}]",[],[],1,7,65,['ุงูุงููุฑ_ุญูุฒู'],[],https://twitter.com/Ahmad_al_majali/status/1510648425209073674,False,https://twitter.com/hamzahhkj/status/1510619201827917827,0,,,,,,,,[],,,,
1510648375338754053,1510619201827917827,2022-04-03 19:00:13 EEST,2022-04-03,19:00:13,+0300,1460352701036994566,jo49563230,Jo,,"@HamzahHKJ "" ูุฅููู ุนูู ุญูุจู ูุทูู  ูู ุงูุซุงุจุชูู ุงูุตูุงูุฏูู ุุงูุฑูุงูุถูู ููุฑุฉ ุงูุงุณุชุบูุงุก ุญุชู ุนู ุฐุฑุฉ ูู ุชุฑุงุจู "" ๐๐ฏ๐ด ุงูุฃููุฑ ุญูุฒุฉ ุจู ุงูุญุณูู  https://t.co/lfY3qqqo78",ar,[],[],['https://pbs.twimg.com/media/FPbmsOMWQAUNHOT.jpg'],1,19,196,[],[],https://twitter.com/Jo49563230/status/1510648375338754053,False,,1,https://pbs.twimg.com/media/FPbmsOMWQAUNHOT.jpg,,,,,,,"[{'screen_name': 'HamzahHKJ', 'name': 'Hamzah bin AlHussein', 'id': '636418344'}]",,,,
1510647132621004807,1510647132621004807,2022-04-03 18:55:17 EEST,2022-04-03,18:55:17,+0300,952165644438556672,rahafqais,ุฑูู ููุณ ุงููุฌุงูู,,"ูุดูุฏ ุงูุชููุงุฒู ุงููุญูุฏ ุงูุฐู ูุง ููุฑุงุฏู ุงูุงูููุงุฑ ุฃู ุงูุฎุณุงุฑุฉ ุจุฃู ุญุงูุ ูููู ุญูุฒุฉ ุงูุฃุฑุฏูู ุจุชุนุจูุฑ ุขุฎุฑ: ูุฐุง ุงูุนููู ุงููุญูุฏ ุงููู ุทุนูู ุญูู! ุงูุจุฑูุจุงุฌูุฏุง ุงูุฃุฑุฏููุฉ ุชุงููุฉ ูุชูุฎุงุชู ุงูุญูููุฉุ ูุฑุณุงูุฉ ุญูุฒุฉ ุงููุณุทูุฑุฉ ูุณุฎุช ูุง ูุจููุง ูู ุงุนุชุฐุงุฑุงุช ""ูููููุฉ""ุ ุจุชูุงุทุค.. #ุงูุฃููุฑ_ุญูุฒุฉ #ุงูุฃุฑุฏู.",ar,[],[],[],9,27,201,"['ุงูุฃููุฑ_ุญูุฒุฉ', 'ุงูุฃุฑุฏู']",[],https://twitter.com/RahafQais/status/1510647132621004807,False,https://twitter.com/HamzahHKJ/status/1510619201827917827,0,,,,,,,,[],,,,
1510646260277067776,1510646260277067776,2022-04-03 18:51:49 EEST,2022-04-03,18:51:49,+0300,1037760173341896704,hamaidamahar,mahar hamaida,,brave heart โค๏ธ #princehamzeh #jordan #ุงูุงููุฑ_ุญูุฒู #ุงููุฑ_ุงููููุจ  https://t.co/p6WxhgH0PA,en,[],[],['https://pbs.twimg.com/media/FPbkwvoX0AEV4Gf.jpg'],9,17,221,"['princehamzeh', 'jordan', 'ุงูุงููุฑ_ุญูุฒู', 'ุงููุฑ_ุงููููุจ']",[],https://twitter.com/HamaidaMahar/status/1510646260277067776,False,,1,https://pbs.twimg.com/media/FPbkwvoX0AEV4Gf.jpg,,,,,,,[],,,,
1510642051754438665,1510642051754438665,2022-04-03 18:35:06 EEST,2022-04-03,18:35:06,+0300,1249761786481573888,ahmadmilhem89,Ahmad Milhem,,ุงููุดูุช ุงูุงุฐูุจูู โฆ ุฌูุงูุฉ ุงุฎู ุงูุงุนุธู ุจุณูู ุนูููู  #ุงูุงููุฑ_ุญูุฒู โค๏ธ  https://t.co/ZvB5ySg9P8,ar,[],[],['https://pbs.twimg.com/media/FPbg7OlWUAMgwO6.jpg'],14,16,142,['ุงูุงููุฑ_ุญูุฒู'],[],https://twitter.com/ahmadmilhem89/status/1510642051754438665,False,,1,https://pbs.twimg.com/media/FPbg7OlWUAMgwO6.jpg,,,,,,,[],,,,
1510641496642539527,1510641496642539527,2022-04-03 18:32:53 EEST,2022-04-03,18:32:53,+0300,1502334014392356872,_dr_muh,ูุญูุฏ,,ุงูุฃููุฑ ุฃููุฑ ุจุฃุฎูุงูู ูุชูุงุถุนู ูุฅุญุชุฑุงูู ูุจุฅุญุชุฑุงู ุงููุงุณ ููุญุจุชูุง ุ ูุญูุฒุฉ ูุด ูุงูุตุฉ ูููุง ุฅุดู ุ ุฃููุฑ ุจููุจ ููู ุบูุฑ ููุจ ุ ูู ูููุจูุง ู ูุฌุฏุงููุง ุ ุงูุฃููุฑ ุญูุฒุฉ ุฅุฎุชุงุฑ ุงูุชูุญู ููู ุณูุจูู ูู ุงูุตูุฑุฉ ุฏุงุฆูุง ูุฑุฌู ูุทู ุจูุง ูู ูุฌุฑุค ุฃุญุฏ ุนูู ุงููุทู ุจู ูุจูู ุ ููู ุฏุงุฎู ุงููุตุฑ ููุณู.,ar,[],[],[],2,10,93,[],[],https://twitter.com/_Dr_muh/status/1510641496642539527,False,,0,,,,,,,,[],,,,
1510641114612703234,1510641114612703234,2022-04-03 18:31:22 EEST,2022-04-03,18:31:22,+0300,1388625959193088001,shadw91447250,ุฃุฑุฏููุฉ,,ุงูููุงุทู ุงูุงุฑุฏูู ุญูุฒุฉ ุจู ุงูุญุณูู ุงููุงุดูู #ุงููุฑ_ุงููููุจ #ุงูุงููุฑ_ุญูุฒู  https://t.co/Xjg4XQEn7Q,ar,[],[],['https://pbs.twimg.com/media/FPbgFmaXsAkSTAU.jpg'],3,13,155,"['ุงููุฑ_ุงููููุจ', 'ุงูุงููุฑ_ุญูุฒู']",[],https://twitter.com/Shadw91447250/status/1510641114612703234,False,,1,https://pbs.twimg.com/media/FPbgFmaXsAkSTAU.jpg,,,,,,,[],,,,
1510639987150274563,1510639987150274563,2022-04-03 18:26:53 EEST,2022-04-03,18:26:53,+0300,1502334014392356872,_dr_muh,ูุญูุฏ,,ุงูุฃููุฑ ุญูุฒุฉ ูุฅูู ุจููู ูููุงุณ ูุงุฌุฑูุง ูุณูุจูู ูู ุงููุถุน ุงูุญุงูู ุงูุจูุฏ ูู ูููุงุด ูุงูุฏุฉ ููุง ูููุง ุฃู ุฃูู ุจุณ ุจุทุฑููุฉ ุดูู ุดูู ุ ุงูุฑุฌู ููุฏ ุงูุฃูู ูู ุงููุถุน ุงูุญุงูู ูุงูููุฌ ุงูุญุงูู ููุฃุณู ุ ููุฃูู ูุฑูุน ุงูุฑุงูุฉ ุงูุจูุถุงุก !!.,ar,[],[],[],11,4,109,[],[],https://twitter.com/_Dr_muh/status/1510639987150274563,False,,0,,,,,,,,[],,,,
1510638877693853702,1510638877693853702,2022-04-03 18:22:29 EEST,2022-04-03,18:22:29,+0300,1129616098352095232,taimaaldibie,๏ฎผุชููุงุกุุนูุงุฏุุงูุญูุงุตุงุช ๐ฆ๐ค,,"""ูุง ูููุฉ ุงููุงุณ ุฅูุง ูู ูุจุงุฏุฆูู ูุง ุงููุงูู ูุจูู ููุง ุงูุฃููุงุจู ูุงูุฑุชุจู"" #ุงูุงููุฑ_ุญูุฒู  https://t.co/w0e2gLyRE3",ar,[],[],['https://pbs.twimg.com/media/FPbeDGwXsAA9LKI.jpg'],6,53,327,['ุงูุงููุฑ_ุญูุฒู'],[],https://twitter.com/taimaaldibie/status/1510638877693853702,False,,1,https://pbs.twimg.com/media/FPbeDGwXsAA9LKI.jpg,,,,,,,[],,,,
1510637110985998337,1510637110985998337,2022-04-03 18:15:28 EEST,2022-04-03,18:15:28,+0300,1475876531020787712,baderalhwayan10,ุจุฏุฑ ุงูุญููุงู 10 ๐ฏ๐ด๐ฏ๐ด,,ุงูุณุญูุฌุฉ ูุงููุทุจููู ุจุงูุฒุงููุฉ ูุงุนุฏูู ๐๐ ููุง ุณุงูุน ููุณ ููุงูู ูููู   #ุฑุณุงูุฉ_ุงูุงููุฑ_ุญูุฒุฉ,ar,[],[],[],19,4,134,['ุฑุณุงูุฉ_ุงูุงููุฑ_ุญูุฒุฉ'],[],https://twitter.com/baderalhwayan10/status/1510637110985998337,False,,0,,,,,,,,[],,,,
1510637062361436165,1510637062361436165,2022-04-03 18:15:16 EEST,2022-04-03,18:15:16,+0300,1317014599741431808,ibra_nisreen95,Nisreen Al_Jamalโ๏ธ ๐ฏ๐ด,,ูู ุจุงุจ ุงูุฃูุงูุฉ ููู ูุงูุถููุฑ ูุง ุฃุฑู ุณูู ุงูุชุฑูุน ูุงูุชุฎูู ุนู ููุจ ุงูุฃููุฑ ! #ุงูุงููุฑ_ุญูุฒู  https://t.co/wMRHiy9fGH,ar,[],[],[],1,18,92,['ุงูุงููุฑ_ุญูุฒู'],[],https://twitter.com/Ibra_Nisreen95/status/1510637062361436165,False,,1,https://pbs.twimg.com/ext_tw_video_thumb/1510636371261669391/pu/img/PFiRd_kt25FzWeIA.jpg,,,,,,,[],,,,
1510636346016247809,1510636346016247809,2022-04-03 18:12:25 EEST,2022-04-03,18:12:25,+0300,1420060666631753733,shahidalzraqat1,shahid.alzraqat๐ฏ๐ด๐ฆ,,"""ุฅูู ุฃุฑู ููุณู ูู ุญูุฒู"" ูู ุงููุงู ุงูููู ุงูุญุณูู ุจู ุทูุงู ุฑุญูู ุงูููโค #ุงูุงููุฑ_ุญูุฒู  https://t.co/UMtlSV6fto",ar,[],[],['https://pbs.twimg.com/media/FPbbwEJX0AcbAsW.jpg'],3,26,284,['ุงูุงููุฑ_ุญูุฒู'],[],https://twitter.com/shahidAlzraqat1/status/1510636346016247809,False,,1,https://pbs.twimg.com/media/FPbbwEJX0AcbAsW.jpg,,,,,,,[],,,,
1510633969548673028,1510619201827917827,2022-04-03 18:02:59 EEST,2022-04-03,18:02:59,+0300,1388625959193088001,shadw91447250,ุฃุฑุฏููุฉ,,"@HamzahHKJ ""ูุง ูููุฉ ุงููุงุณ ุฅูุง ูู ูุจุงุฏุฆูู ูุง ุงููุงูู ูุจูู ููุง ุงูุฃููุงุจู ูุงูุฑุชุจู"" #ุงูุงููุฑ_ุญูุฒู  https://t.co/Cdc8tZ737V",ar,[],[],['https://pbs.twimg.com/media/FPbZltsXMAADRwx.jpg'],2,18,225,['ุงูุงููุฑ_ุญูุฒู'],[],https://twitter.com/Shadw91447250/status/1510633969548673028,False,,1,https://pbs.twimg.com/media/FPbZltsXMAADRwx.jpg,,,,,,,"[{'screen_name': 'HamzahHKJ', 'name': 'Hamzah bin AlHussein', 'id': '636418344'}]",,,,
1510632751027867657,1510632751027867657,2022-04-03 17:58:08 EEST,2022-04-03,17:58:08,+0300,1175478326967853059,generalinspect2,General Inspector,,ุฃูุซุฑ ูู 10 ุฃุฎุทุงุก ุฅููุงุฆูุฉ ูู ุฑุณุงูุฉ ุชุฎูู ุงูุฃููุฑ ุญูุฒุฉ ุนู ููุจู!. ๐ #ุงูุฃุฑุฏู  https://t.co/0ELx39nP3C,ar,[],[],['https://pbs.twimg.com/media/FPbYenEXMAkwL5s.jpg'],96,19,334,['ุงูุฃุฑุฏู'],[],https://twitter.com/GeneralInspect2/status/1510632751027867657,False,,1,https://pbs.twimg.com/media/FPbYenEXMAkwL5s.jpg,,,,,,,[],,,,
1510632351096885248,1510619201827917827,2022-04-03 17:56:33 EEST,2022-04-03,17:56:33,+0300,1388625959193088001,shadw91447250,ุฃุฑุฏููุฉ,,@HamzahHKJ ููููุถ ุฎูุงููู ุนู ุฏุงุฑู ุธููููุชู ุจูุง ูุฌุงูุจู ุงูุฐููููู ุฅููู ุงูุฐููููู ููุฌุชููุจู #ุงูุงููุฑ_ุญูุฒู  https://t.co/4ax1ez1bca,ar,[],[],['https://pbs.twimg.com/media/FPbYHezWUAMx_Ra.jpg'],1,13,154,['ุงูุงููุฑ_ุญูุฒู'],[],https://twitter.com/Shadw91447250/status/1510632351096885248,False,,1,https://pbs.twimg.com/media/FPbYHezWUAMx_Ra.jpg,,,,,,,"[{'screen_name': 'HamzahHKJ', 'name': 'Hamzah bin AlHussein', 'id': '636418344'}]",,,,
1510632040110116866,1510632040110116866,2022-04-03 17:55:19 EEST,2022-04-03,17:55:19,+0300,831984447096500224,soldier2017kg,ุงูุฃุญุฏุงุซ ุงูุฑูุณูุฉ๐ท๐บ๐,,"ุงูุฃุฑุฏู: ุงูุฃููุฑ ุญูุฒุฉ ุจู ุงูุญุณูู ูุนูู ุชุฎููู ุนู ููุจ ""ุงูุฃููุฑ""",ar,[],[],[],47,122,1669,[],[],https://twitter.com/soldier2017kg/status/1510632040110116866,False,,0,,,,,,,,[],,,,
1510631596851879940,1510631596851879940,2022-04-03 17:53:33 EEST,2022-04-03,17:53:33,+0300,1480241720600285190,aldstwryh2,ุฃุญุฑุงุฑ ุงูููููุฉ ุงูุฏุณุชูุฑูุฉ,,ุนุงุฌู โฆ ุงูุงููุฑ ุญูุฒุฉ ูุบุฑุฏ ุงูุงู ููุชุฎูู ุนู ููุจ ุฃููุฑ ูููุถู ุงูู ุฎูุฏู ุงูุดุนุจ .. ุจูุฐู ุงูุชุบุฑูุฏุฉ ุงูุงููุฑ ุญูุฒุฉ ูุซุจุช ูุฐุจ ุงุฏุนุงุกุงุชูู ูุงูุชุฑุงุฆูู ุนููู ..  ุฑุฌู ุจุฃูู ุฑุฌู  ุฑุฌู ูู ุฒูู ุนุฒ ููู ุงูุฑุฌุงู  https://t.co/NEl9heMEpl,ar,[],[],[],0,9,72,[],[],https://twitter.com/aldstwryh2/status/1510631596851879940,False,,1,https://pbs.twimg.com/ext_tw_video_thumb/1510631546516029445/pu/img/T6oDn9QRHwbHdhsq.jpg,,,,,,,[],,,,
1510631387400974350,1510631387400974350,2022-04-03 17:52:43 EEST,2022-04-03,17:52:43,+0300,1383854970823352329,hamzaweyeh,ุฃุฑุฏููุฉ ุญุฑุฉ,,ุนุงุฌู โฆ ุงูุงููุฑ ุญูุฒุฉ ูุบุฑุฏ ุงูุงู ููุชุฎูู ุนู ููุจ ุฃููุฑ ูููุถู ุงูู ุฎูุฏู ุงูุดุนุจ .. ุจูุฐู ุงูุชุบุฑูุฏุฉ ุงูุงููุฑ ุญูุฒุฉ ูุซุจุช ูุฐุจ ุงุฏุนุงุกุงุชูู ูุงูุชุฑุงุฆูู ุนููู ..  ุฑุฌู ุจุฃูู ุฑุฌู  ุฑุฌู ูู ุฒูู ุนุฒ ููู ุงูุฑุฌุงู  https://t.co/ytD3rAZ5pn,ar,[],[],[],1,7,77,[],[],https://twitter.com/hamzaweyeh/status/1510631387400974350,False,,1,https://pbs.twimg.com/ext_tw_video_thumb/1510631339309080577/pu/img/TUO9mzV4_I0PlCUt.jpg,,,,,,,[],,,,
1510631357613056006,1510631357613056006,2022-04-03 17:52:36 EEST,2022-04-03,17:52:36,+0300,245684181,ahrwash,Ahmad .A.RWASH,,ุงู ุตุฏูุช ูุฐู ุงูุฑุณุงูุฉ  ููุฐุง ูุนูู ุงู ุฑุณุงูุฉ ุงูุงุนุชุฐุงุฑ ูุญุถ ูุฐุจ ูุงูุชุฑุงุก  ุตุงุญุจ ุงููุจุงุฏูุก ูุงูุงุฎูุงู ุงูุญุณูุฉ  ูุงูุณุชุทูุน ุงูุชุฎูู ุนู ูุจุงุฏุฆู ููู ูููู ุฐูู ูุชุน ุงูุฏููุง ูุฒููุชูุง ...ูุงุญุณุจ ุญูุฒุฉ ุจู ุงูุญุณูู ูุฐูู  #ุงูุงููุฑ_ุญูุฒู  https://t.co/ClZKQxlps5,ar,[],[],['https://pbs.twimg.com/media/FPbXNoUX0AYuB6Q.jpg'],11,20,153,['ุงูุงููุฑ_ุญูุฒู'],[],https://twitter.com/AHRWASH/status/1510631357613056006,False,,1,https://pbs.twimg.com/media/FPbXNoUX0AYuB6Q.jpg,,,,,,,[],,,,
1510631290105733130,1510631290105733130,2022-04-03 17:52:20 EEST,2022-04-03,17:52:20,+0300,1388625959193088001,shadw91447250,ุฃุฑุฏููุฉ,,ููููุถ ุฎูุงููู ุนู ุฏุงุฑู ุธููููุชู ุจูุง ูุฌุงูุจู ุงูุฐููููู ุฅููู ุงูุฐููููู ููุฌุชููุจู #ุงูุงููุฑ_ุญูุฒู  https://t.co/JspsXtQPf4,ar,[],[],['https://pbs.twimg.com/media/FPbXJrqWUAUtPfA.jpg'],0,9,70,['ุงูุงููุฑ_ุญูุฒู'],[],https://twitter.com/Shadw91447250/status/1510631290105733130,False,,1,https://pbs.twimg.com/media/FPbXJrqWUAUtPfA.jpg,,,,,,,[],,,,
1510629372159537157,1510629372159537157,2022-04-03 17:44:43 EEST,2022-04-03,17:44:43,+0300,2398178730,daaja0,๐ฏ๐ดSara Aldaaja,,ูุงูููุจ ุดู ูููุฏ ุจุฏูู ูุญุจู. ูุญุจุช ุงููุงุณ ุงูู ูู ููููู ููุจ. ูุงูุช ุฃููุฑ ุจุนูููุง ููููุจูุง. ุญูุงู ุงููู #ุงูุงููุฑ_ุญูุฒู  https://t.co/WkOxukEaOm,ar,[],[],['https://pbs.twimg.com/media/FPbVaH_WQAUSyIO.jpg'],7,27,216,['ุงูุงููุฑ_ุญูุฒู'],[],https://twitter.com/daaja0/status/1510629372159537157,False,,1,https://pbs.twimg.com/media/FPbVaH_WQAUSyIO.jpg,,,,,,,[],,,,
1510628441879728128,1510628441879728128,2022-04-03 17:41:01 EEST,2022-04-03,17:41:01,+0300,5536782,ajarabic,ููุงุฉ ุงูุฌุฒูุฑุฉ,,ุนุงุฌู | ุงูุฃููุฑ ุญูุฒุฉ ุจู ุงูุญุณูู ูุชุฎูู ุนู ููุจ ุงูุฃููุฑ ูู ุฑุณุงูุฉ ูุดุฑูุง ูู ุตูุญุชู ุนูู ุชููุชุฑ  https://t.co/542qG93Dz7,ar,[],[],['https://pbs.twimg.com/media/FPbUWj6XEAQfDUF.jpg'],44,39,474,[],[],https://twitter.com/AJArabic/status/1510628441879728128,False,,1,https://pbs.twimg.com/media/FPbUWj6XEAQfDUF.jpg,,,,,,,[],,,,
1510628412649525248,1510628186819899401,2022-04-03 17:40:54 EEST,2022-04-03,17:40:54,+0300,2443666806,alarabytv,ุงูุชููุฒููู ุงูุนุฑุจู,,#ุนุงุฌู | ุงูุฃููุฑ ุญูุฒุฉ ุนูู ุชููุชุฑ: ููุงุนุชู ุงูุดุฎุตูุฉ ูุงูุซูุงุจุช ุงูุชู ุบุฑุณูุง ูุงูุฏู ูู ูุง ุชุชูุงุดู ูุน ุงูููุฌ ูุงูุชูุฌูุงุช ูุงูุฃุณุงููุจ ุงูุญุฏูุซุฉ ููุคุณุณุงุชูุง #ุงูุฃุฑุฏู,ar,[],[],[],4,3,66,"['ุนุงุฌู', 'ุงูุฃุฑุฏู']",[],https://twitter.com/AlarabyTV/status/1510628412649525248,False,,0,,,,,,,,[],,,,
1510628194256363530,1510628194256363530,2022-04-03 17:40:02 EEST,2022-04-03,17:40:02,+0300,725865912650334209,i___guns,ุงูููุฉ ุงูุนุณูุฑูุฉ,,ุฑุณุงูุฉ ุงูุฃููุฑ ุญูุฒุฉ . ูููุง ุฏุฎู - ุงููู ูุตูุญ ุญุงู ุงูุฃุฑุฏู ุญูููุฉู ูุดุนุจุง,ar,[],[],[],41,38,163,[],[],https://twitter.com/i___guns/status/1510628194256363530,False,,0,,,,,,,,[],,,,
1510628186819899401,1510628186819899401,2022-04-03 17:40:00 EEST,2022-04-03,17:40:00,+0300,2443666806,alarabytv,ุงูุชููุฒููู ุงูุนุฑุจู,,#ุนุงุฌู | ุงูุฃููุฑ ุญูุฒุฉ ุจู ุงูุญุณูู ูุนูู ุชุฎููู ุนู ููุจ ุฃููุฑ ูู ุฑุณุงูุฉ ูุดุฑูุง ุนูู ุญุณุงุจู ุนูู ุชููุชุฑ #ุงูุฃุฑุฏู  https://t.co/stCP7h5yOk,ar,[],[],['https://pbs.twimg.com/media/FPbTjQPXwAE3pfc.jpg'],49,29,375,"['ุนุงุฌู', 'ุงูุฃุฑุฏู']",[],https://twitter.com/AlarabyTV/status/1510628186819899401,False,,1,https://pbs.twimg.com/media/FPbTjQPXwAE3pfc.jpg,,,,,,,[],,,,
1510627879779983363,1510627879779983363,2022-04-03 17:38:47 EEST,2022-04-03,17:38:47,+0300,1317014599741431808,ibra_nisreen95,Nisreen Al_Jamalโ๏ธ ๐ฏ๐ด,,"""ููุณุช ุงูุงููุงุจ ูู ุงูุชู ุชุดุฑู ุงูุฑุฌุงู ุ ุจู ุงูุฑุฌุงู ูู ุงูุฐูู  ูุดุฑููู ุงูุงููุงุจ "" ุญูุฒุฉ ููุช ููุงุฒูุช ูุณุชุธู ุงููุฑูุง ูุงูููุง โค๏ธ #ุงูุงููุฑ_ุญูุฒู  https://t.co/czUuhFg7Mb",ar,[],[],['https://pbs.twimg.com/media/FPbUDNpXwAYJi6h.jpg'],2,8,76,['ุงูุงููุฑ_ุญูุฒู'],[],https://twitter.com/Ibra_Nisreen95/status/1510627879779983363,False,,1,https://pbs.twimg.com/media/FPbUDNpXwAYJi6h.jpg,,,,,,,[],,,,
1510626427623944198,1510626427623944198,2022-04-03 17:33:01 EEST,2022-04-03,17:33:01,+0300,274422326,orientnews,Orient ุฃูุฑููุช,,"ุดููู ููู #ุงูุฃุฑุฏู ุงูุฃููุฑ #ุญูุฒุฉ_ุจู_ุงูุญุณูู ูุนูู ุชุฎููู ุนู ููุจ ""ุงูุฃููุฑ"" #ุฃูุฑููุช #ุนุงุฌู  https://t.co/N12g3v32oJ",ar,[],[],['https://pbs.twimg.com/media/FPbSuuRX0AgIoVS.jpg'],10,4,69,"['ุงูุฃุฑุฏู', 'ุญูุฒุฉ_ุจู_ุงูุญุณูู', 'ุฃูุฑููุช', 'ุนุงุฌู']",[],https://twitter.com/OrientNews/status/1510626427623944198,False,,1,https://pbs.twimg.com/media/FPbSuuRX0AgIoVS.jpg,,,,,,,[],,,,
1510625827217674243,1510625827217674243,2022-04-03 17:30:37 EEST,2022-04-03,17:30:37,+0300,742854332547272704,1orobah,ุนุฑูุจู ูุญูู ุงูุฎูุงูุฏู,,ุงูุฃููุฑ ุญูุฒุฉ ูุชุฎูู ุนู ููุจ ุฃููุฑ ...  ูููุชูู ุจููุจ ุญุจูุจูุง  https://t.co/pEE44Ke7si,ar,[],[],['https://pbs.twimg.com/media/FPbSLzFXoA0dDcy.jpg'],6,5,81,[],[],https://twitter.com/1orobah/status/1510625827217674243,False,,1,https://pbs.twimg.com/media/FPbSLzFXoA0dDcy.jpg,,,,,,,[],,,,
1510625221446885382,1510625221446885382,2022-04-03 17:28:13 EEST,2022-04-03,17:28:13,+0300,2209424000,samykasmisky,โ๏ฎผุณุงูู โ๏ฎผูุงุณูู sami kasmi,,"ุดููู ููู ุงูุฃุฑุฏู ุงูุฃููุฑ ุญูุฒุฉ ุจู ุงูุญุณูู ูุนูู ุชุฎููู ุนู ููุจ ""ุงูุฃููุฑ"".  #ุงูุฃุฑุฏู ๐ฏ๐ด  https://t.co/4LPhlE0NsN",ar,[],[],['https://pbs.twimg.com/media/FPbRoSbWUAYB5uj.jpg'],6,2,129,['ุงูุฃุฑุฏู'],[],https://twitter.com/SamyKasmiSKY/status/1510625221446885382,False,,1,https://pbs.twimg.com/media/FPbRoSbWUAYB5uj.jpg,,,,,,,[],,,,
1510625137976086535,1510625137976086535,2022-04-03 17:27:53 EEST,2022-04-03,17:27:53,+0300,701177444,ksa24,ูุนุงูู / ููุฌุฒ ุงูุฃุฎุจุงุฑ ๐ธ๐ฆ,,ุงูุฃุฑุฏู .. ุงูุฃููุฑ ุญูุฒุฉ ุจู ุงูุญุณูู ูุชุฎูู ุนู ููุจ ุงูุฃููุฑ  https://t.co/ptAqHHeFdH,ar,[],[],['https://pbs.twimg.com/media/FPbRi-NX0AEdpup.jpg'],60,30,77,[],[],https://twitter.com/KSA24/status/1510625137976086535,False,,1,https://pbs.twimg.com/media/FPbRi-NX0AEdpup.jpg,,,,,,,[],,,,
1510624938255867914,1510624938255867914,2022-04-03 17:27:05 EEST,2022-04-03,17:27:05,+0300,1003348749287124994,mubaidinrashedd,Rashed,,ุณุชุจูู ุงูุฃุฑุฏูู ุงูุญุฑ ูู ูุฌุฏุงููุง ุฌููุนุงู  #ุงูุฃููุฑ_ุญูุฒุฉ_ุจู_ุงูุญุณูู  https://t.co/5CZS7CMMXd,ar,[],[],['https://pbs.twimg.com/media/FPbRX0JXsAQnHNd.jpg'],0,10,112,['ุงูุฃููุฑ_ุญูุฒุฉ_ุจู_ุงูุญุณูู'],[],https://twitter.com/mubaidinrashedd/status/1510624938255867914,False,,1,https://pbs.twimg.com/media/FPbRX0JXsAQnHNd.jpg,,,,,,,[],,,,
1510623619155640320,1510623619155640320,2022-04-03 17:21:51 EEST,2022-04-03,17:21:51,+0300,221181768,alrougui,ูุงูู ุงูุฑููู,,"ุงูุฃููุฑ #ุญูุฒุฉ_ุจู_ุงูุญุณูู ูุนูู ุชุฎููู ุนู ููุจ ""ุงูุฃููุฑ"" ูู ุจูุงู ุฑุณูู ูุจู ูููู .  https://t.co/8TqogpRVz5",ar,[],[],"['https://pbs.twimg.com/media/FPbQK3lXsAYsVqT.jpg', 'https://pbs.twimg.com/media/FPbQK3gXwAU_jFa.jpg']",39,57,159,['ุญูุฒุฉ_ุจู_ุงูุญุณูู'],[],https://twitter.com/alrougui/status/1510623619155640320,False,,1,https://pbs.twimg.com/media/FPbQK3lXsAYsVqT.jpg,,,,,,,[],,,,
1510622899392102402,1510622899392102402,2022-04-03 17:18:59 EEST,2022-04-03,17:18:59,+0300,148711787,alarabiya,ุงูุนุฑุจูุฉ,,#ุงูุฃุฑุฏู.. ุงูุฃููุฑ ุญูุฒุฉ ูุชุฎูู ุนู ููุจู   #ุงูุนุฑุจูุฉ  https://t.co/lFPRfYicc7,ar,[],[],['https://pbs.twimg.com/media/FPbPhTEXMAAVA7H.jpg'],50,40,268,"['ุงูุฃุฑุฏู', 'ุงูุนุฑุจูุฉ']",[],https://twitter.com/AlArabiya/status/1510622899392102402,False,,1,https://pbs.twimg.com/media/FPbPhTEXMAAVA7H.jpg,,,,,,,[],,,,
1510622679526686725,1510622679526686725,2022-04-03 17:18:07 EEST,2022-04-03,17:18:07,+0300,1429696620640317444,akbaralhurub,ุฃุฎุจุงุฑ ุงููุฒุงุนุงุช ูุงูุญุฑูุจ,,ูููู ุงูุนูุฏ ุงูุฃุฑุฏูู ุงูุณุงุจู ุงูุฃููุฑ ุญูุฒุฉ ุจู ุงูุญุณูู ูุนูู ุนู ุชุฎูููู ุนู ููุจ ุงูุฃููุฑ.   ูุฑุงุฑ ุงูุฃููุฑ ุฌุงุก ุนูู ุฎูููุฉ ุตุฑุงุน ุจููู ูุจูู ุงูููู ุงูุฃุฑุฏูู ุงูุญุงูู ุงูููู ุนุจุฏุงูููุ ุงุฐ ุงุชูู ุงูุฃููุฑ ุงููุธุงู ุงูุญุงูู ุจุงูุชุณุจุจ ูู ุงููุดู ูู ุงูุจูุฏ.,ar,[],[],[],4,34,501,[],[],https://twitter.com/akbaralhurub/status/1510622679526686725,False,,0,,,,,,,,[],,,,
1510622438345879552,1510622438345879552,2022-04-03 17:17:09 EEST,2022-04-03,17:17:09,+0300,1106283018795266049,alurdunyya,ุงูุฃุฑุฏููุฉ ูุช,,ุนุงุฌู/ุงูุฃููุฑ ุญูุฒุฉ ุจู ุงูุญุณูู ูุนูู ุนุจุฑ ุตูุญุชู ูู ุฃูู ุชุบุฑูุฏุฉ ูู ููุฐ ูุง ูุนุฑู ุจูุถูุฉ ุงููุชูุฉุ ุชุฎููู ุนู ููุจ ุงูุฃููุฑ  https://t.co/rwD7UBls2V,ar,[],[],['https://pbs.twimg.com/media/FPbPGfvXsAETe5X.jpg'],114,110,891,[],[],https://twitter.com/alurdunyya/status/1510622438345879552,False,,1,https://pbs.twimg.com/media/FPbPGfvXsAETe5X.jpg,,,,,,,[],,,,
1510622372331675649,1510622372331675649,2022-04-03 17:16:54 EEST,2022-04-03,17:16:54,+0300,527716174,fahddeepaji1,ููุฏ ุฏูุจุงุฌู,,"๐ุนุงุฌู : ุงูุฃููุฑ ุญูุฒุฉ ุจู ุงูุญุณูู ูุนูู ุชุฎููู ุนู ููุจ ""ุงูุฃููุฑ",ar,[],[],[],15,29,91,[],[],https://twitter.com/fahddeepaji1/status/1510622372331675649,False,,0,,,,,,,,[],,,,
1510622349141360640,1510622349141360640,2022-04-03 17:16:48 EEST,2022-04-03,17:16:48,+0300,23573083,alarabiya_brk,ุงูุนุฑุจูุฉ ุนุงุฌู,,ุงูุฃุฑุฏู.. ุงูุฃููุฑ ุญูุฒุฉ ูุชุฎูู ุนู ููุจู #ุงูุนุฑุจูุฉ_ุนุงุฌู  https://t.co/a1vIGVFnOW,ar,[],['https://www.alarabiya.net'],[],17,30,90,['ุงูุนุฑุจูุฉ_ุนุงุฌู'],[],https://twitter.com/AlArabiya_Brk/status/1510622349141360640,False,,0,,,,,,,,[],,,,
1510622348529090565,1510622348529090565,2022-04-03 17:16:48 EEST,2022-04-03,17:16:48,+0300,1285618608299745281,us_world1,ุงูุฃุญุฏุงุซ ุงูุฃูุฑูููุฉ๐บ๐ธ,,"ุดููู ููู ุงูุฃุฑุฏู ุงูุฃููุฑ ุญูุฒุฉ ุจู ุงูุญุณูู ูุนูู ุชุฎููู ุนู ููุจ ""ุงูุฃููุฑ""",ar,[],[],[],115,165,1573,[],[],https://twitter.com/US_World1/status/1510622348529090565,False,,0,,,,,,,,[],,,,
1510621881354887172,1510621881354887172,2022-04-03 17:14:57 EEST,2022-04-03,17:14:57,+0300,1311224065890410496,hanzpal2,Hanzala,,ุงูุฃููุฑ ุญูุฒุฉ ูุชุฎูู ุนู ููุจ ุงูุฃููุฑ ุจุฑุณุงูุฉ ุฑุณููุฉ ููู.  ุตุงุฑ ููุงุทู ุนุงุฏูุ  https://t.co/jmNDXZYtRU,ar,[],[],['https://pbs.twimg.com/media/FPbOmGYXwAEKNIR.jpg'],28,8,124,[],[],https://twitter.com/Hanzpal2/status/1510621881354887172,False,,1,https://pbs.twimg.com/media/FPbOmGYXwAEKNIR.jpg,,,,,,,[],,,,
1510621371964997634,1510621371964997634,2022-04-03 17:12:55 EEST,2022-04-03,17:12:55,+0300,243368411,ajabreaking,ุงูุฌุฒูุฑุฉ - ุนุงุฌู,,ุนุงุฌู | ุงูุฃููุฑ ุญูุฒุฉ ุจู ุงูุญุณูู ูุชุฎูู ุนู ููุจ ุงูุฃููุฑ ูู ุฑุณุงูุฉ ูุดุฑูุง ูู ุตูุญุชู ุนูู ุชููุชุฑ,ar,[],[],[],14,16,107,[],[],https://twitter.com/AJABreaking/status/1510621371964997634,False,,0,,,,,,,,[],,,,
1510621322187100169,1510621322187100169,2022-04-03 17:12:43 EEST,2022-04-03,17:12:43,+0300,1175478326967853059,generalinspect2,General Inspector,,"#ุนุงุฌู ุงูุฃููุฑ ุญูุฒุฉ ุจู ุงูุญุณูู ""ูุชูุงุฒู"" ุนู ุงูููุจ ุงูุฃููุฑู! #ุงูุฃุฑุฏู",ar,[],[],[],35,20,172,"['ุนุงุฌู', 'ุงูุฃุฑุฏู']",[],https://twitter.com/GeneralInspect2/status/1510621322187100169,False,https://twitter.com/HamzahHKJ/status/1510619201827917827,0,,,,,,,,[],,,,
1510620445510352908,1510620445510352908,2022-04-03 17:09:14 EEST,2022-04-03,17:09:14,+0300,869212133896192001,tala11997,Tala Nsour,,ุฃูุช ุงููุฑ ุงูุดุนุจ ุงูุงุฑุฏูู ู ุงููุฑ ูููุจูุง .. ููุง ุงู ููุจ ูู ุงูุนุงูู ููุซู ุดุฎุต ูููู ุงูุช ูุซูุช ูุฐุง ุงูููุจ ุจูุง ูุฑุถู ุงููู ู ูุฑุถู ุถููุฑู.. ุญูุธู ุงููู ุงุชููู ุงู ุชููู ุจุฎูุฑ ูุง ุญูุฑ ูุงุณูุฏ ุงูุฑุฌุงู  #ุงูุงููุฑ_ุญูุฒู @HamzahHKJ @QueenNoor,ar,"[{'screen_name': 'hamzahhkj', 'name': 'hamzah bin alhussein', 'id': '636418344'}, {'screen_name': 'queennoor', 'name': 'noor al hussein', 'id': '121887978'}]",[],[],9,31,279,['ุงูุงููุฑ_ุญูุฒู'],[],https://twitter.com/tala11997/status/1510620445510352908,False,https://twitter.com/HamzahHKJ/status/1510619201827917827,0,,,,,,,,[],,,,
1510367488525144070,1510367488525144070,2022-04-03 00:24:05 EEST,2022-04-03,00:24:05,+0300,1388625959193088001,shadw91447250,ุฃุฑุฏููุฉ,,ูฃ ููุณุงู ูขููขูก ูฃ ููุณุงู ูขููขูข ูุฑ ุนุงู .... ูููุงู ุงูุณุงู ุจุฑูุก ุญุฑ ุดุฑูู ุนุฒูุฒ ูุง ุฎุงู ููุง ุถู ููุง ุบูู ุจุงูุงูุฉ ุฌุจุฑูุฉ ูขูฆูฅ ููู ููู ูุฏูุน ุซูู ุงูู ูุงู ูููุฉ ุญู ูุฑูุถ ูุฑูุน ููุธูู ูุงูุงุชูุงู ูุงูุชุดููุฑ ุญูุงู ุงููู ูุง ุญุฑ ูุง ุญุจูุจ ุงูุดุนุจ ูุงููุฑ ุงููููุจ #ูุฑูุฏ_ุงูุงููุฑ_ุญูุฒุฉ_ุญุฑุข  #freeprincehamzah  #ูฃููุณุงู #ุงูุงููุฑ_ุญูุฒู  https://t.co/yQeTlZu5m4,ar,[],[],['https://pbs.twimg.com/media/FPXnOanX0AIilB7.jpg'],9,21,184,"['ูุฑูุฏ_ุงูุงููุฑ_ุญูุฒุฉ_ุญุฑุข', 'freeprincehamzah', 'ูฃููุณุงู', 'ุงูุงููุฑ_ุญูุฒู']",[],https://twitter.com/Shadw91447250/status/1510367488525144070,False,,1,https://pbs.twimg.com/media/FPXnOanX0AIilB7.jpg,,,,,,,[],,,,
